id,is_public,created_at,club_id,event_id,title,description,image_file,club_ID,event_ID
1,false,11/12/2024,1,1,Electronics,abc,"data:image/png;base64,iVBORw0KGgoAAAANSUhEUgAAABAAAAAQCAQAAAC1+jfqAAAABGdBTUEAAK/INwWK6QAAABl0RVh0U29mdHdhcmUAQWRvYmUgSW1hZ2VSZWFkeXHJZTwAAADHSURBVCjPdZFNbsIwFAa/5B5FuQPCOQ9HQuqCq3SHUAtrrgFCSKQk8Y80XTjYJqiajRfj55GftNBKJtGoRiXSytlAZORzM1ckExjouHEm0LPdqHkTRnruXAgEPGpVq1JVCJ6RB3dOfHFEa7W5RzLx3kjPDse8ZxKisue9JwkByzevPQGZQnD8kHuunEvB43EcyD0dt/kEzzGdLD2/k9Ckb261zs9ZhiggVRO12jzN4Z5C+tQq90T+ETK20/J1tU2xeCOjpT7+APfbTaDnTb/mAAAAAElFTkSuQmCC",15,19
2,true,9/6/2024,2,2,Food - Salads,ghi,"data:image/png;base64,iVBORw0KGgoAAAANSUhEUgAAABAAAAAQCAYAAAAf8/9hAAAABGdBTUEAAK/INwWK6QAAABl0RVh0U29mdHdhcmUAQWRvYmUgSW1hZ2VSZWFkeXHJZTwAAAEsSURBVDjLY/j//z8DJZhhmBuQvdj8a+p8w//xc3U5yTIgeb7h18bNUf/DZ2j8958qz0nQgPyltv9zF5v/TV9o/Ddxrv7fmvWh/1ednvi/ZLX/f9d+8b+23YI8eA0AOvn/hnPT/q89OwWsccXpCf8n7Cn5v/B41/+MpW7/TdvZ/+o2M/LjNADoZLDmvl35/zt3ZP9v3Zb2v2Fz4v+mren/Zxxq/h+zwOa/aj3DH5wGRM/W/L/y1IT/S0/0/l94rOv/vKMdQEOy/k8/1PQ/banHf8VahlfSlQwGOA0InK74z3Oi9D/nftF/1t38/+LmW/2fdrDhf9Jit//ytQzPJSsZtEiKBe1mxq/xC53/y1czPAFqVic5GoFO/ipXzfxftJJBkeyUKFzOwDm48wIAh5XH+g7drOwAAAAASUVORK5CYII=",73,39
3,true,1/25/2025,3,3,Clothing - Outerwear,ghi,"data:image/png;base64,iVBORw0KGgoAAAANSUhEUgAAABAAAAAQCAQAAAC1+jfqAAAABGdBTUEAAK/INwWK6QAAABl0RVh0U29mdHdhcmUAQWRvYmUgSW1hZ2VSZWFkeXHJZTwAAAGSSURBVCjPVVFNSwJhEF78Ad79Cf6PvXQRsotUlzKICosuRYmR2RJR0KE6lBFFZVEbpFBSqKu2rum6llFS9HHI4iUhT153n6ZtIWMOM+/MM88z7wwH7s9Ub16SJcnbmrNcxVm2q7Z8/QPvEOtntpj92NkCqITLepEpjix7xQtiLOoQ2b6+E7YAN/5nfOEJ2WbKqOIOJ4bYVMEQx4LfBBQDsvFMhUcCVU1/CxVXmDBGA5ZETrhDCQVcYAPbyEJBhvrnBVPiSpNr6cYDNCQwo4zzU/ySckkgDYuNuVpI42T9k4gLKGMPs/xPzzovQiY2hQYe0jlJfyNNhTqiWDYBq/wBMcSRpnyPzu1oS7WtxjVBSthU1vgVksiQ3Dn6Gp5ah2YOKQo5GiuHPA6xT1EKpxQNCNYejgIR457KKio0S56YckjSa9jo//3mrj+BV0QQagqGTOo+Y7gZIf1puP3WHoLhEb2PjTlCTCWGXtbp8DCX3hZuOdaIc9A+aQvWk4ihq95p67a7nP+u+Ws+r0dql9z/zv0NCYhdCPKZ7oYAAAAASUVORK5CYII=",58,42
4,true,9/22/2024,4,4,Food - Dairy,ghi,"data:image/png;base64,iVBORw0KGgoAAAANSUhEUgAAABAAAAAQCAQAAAC1+jfqAAAABGdBTUEAAK/INwWK6QAAABl0RVh0U29mdHdhcmUAQWRvYmUgSW1hZ2VSZWFkeXHJZTwAAAEUSURBVCjPXdFNSsMAEIbh0Su4teAdIgEvJB5C14K4UexCEFQEKfivtKIIIlYQdKPiDUTRKtb0x6ZJ+volraEJ3+zmycwkMczGzTE3lwkbxeLE5XTqQfTIjhIm6bCy9E/icoOoyR4v7PLDN+8ibxQHxGzE3JBfHrgUalDnQ6BNk1WRFPjs66kDNTxqg0Uh5qYg4IkrjrS9pTWfmvKaBaGaNU4EY+Lpkq88eKZKmTAhbd3i5UFZg0+TzV1d1FZy4FCpJCAQ8DUnA86ZpciiXjbQhK7aObDOGnNsUkra/WRAiQXdvSwWpBkGvQpnbHHMRvqRlCgBqkm/dd2745YbtofafsOcPiiMTc1fzNzHma4O/XLHCtgfTLBbxm6KrMIAAAAASUVORK5CYII=",74,40
5,false,7/4/2024,5,5,Home,ghi,"data:image/png;base64,iVBORw0KGgoAAAANSUhEUgAAABAAAAAQCAYAAAAf8/9hAAAABGdBTUEAAK/INwWK6QAAABl0RVh0U29mdHdhcmUAQWRvYmUgSW1hZ2VSZWFkeXHJZTwAAAIESURBVDjLvVO/a9tAFD5ZdWwZg11w2iR1idMhxhm8ZOlS3K1rlwwZRD2EQCd7KIUOpmvoj7E4BBxElw72kMFLh5osBkEp3fwXlMY4TlRJtk4/7kffqW6wcDMFevDxTu/u+/S9d3cS5xzdZMTQDcet6xY6nc7jIAh2AU9830eAz4BP9Xr9dH6f9K8S2u22IL8rFovb6XQaEULQeDxGuq5/A5EXjUbjdMFBt9tdA9I+YAewWiqVbieTSWRZVigg5uVyebvf7+/C9kUBUN7P5/OvM5kMopQiz/OQYRhoZj/MpVIpkd+r1WoJyB02m019XmBH2J1OpwhjfEUEN1fRtm1UqVRipmk+6/V6ghYRCCHIruuGfxQk4URE8S3WJ5MJyuVyYv40coywsT0cDv+cbSyGHMcJhRRFCcEYQ5IkoWw2i0ajkRA4ifQABI4Gg0FYyszNV4AMeDQr4TtAATwEnEBjDxeOsaadvYnJSGEUYRFdj2PGmTLxOSaEKZ7LMCVccWzy8svBJo6U8Pz458pWPlF1A97aXE1UL2zS2rgbr54bQevBnXj114XfKkDevPQO/pIjDuofz94TymU3YNQnXMYeozRgUAKjxGdyABH6KLsOfaV/2MKRt7B39OPe+nJcPbeIVlheUg0j0AorS6p5GWj31xKqZRJtfSOlAvntPPnaq/xfX+NvE6ltVjnyz4AAAAAASUVORK5CYII=",56,37
6,false,10/31/2024,6,6,Office,def,"data:image/png;base64,iVBORw0KGgoAAAANSUhEUgAAABAAAAAQCAYAAAAf8/9hAAAABGdBTUEAAK/INwWK6QAAABl0RVh0U29mdHdhcmUAQWRvYmUgSW1hZ2VSZWFkeXHJZTwAAAJiSURBVDjLpZNLbxJRFMf7AfwEfA5YunTDwsTuujO+YsLGxEVTV066cdGYQmaAKKZNawOVSE2qltRIW+kI0jQWOlCGh0Bb6FAYcBgYGKAc51wegrrzJv9k5ub8f+dx750CgKlx3bCBTpNBk1HTzEDGwZ7uz/hx4zVN+icbksnz9YwJHiXZ4+iJGOFi4v5hnH2zl2Fm3RUTxmDsBGBgvu7yF6jISZoXyhLIShs6Vz2iWkOFfLECgUOOX9pOUxg7hAwBejRz8R9ys9UBXIrahYrcBlFTvdUle7Kiwn4oLDu2EgjREwD2hWVj5qE5X2lBodoCoaoS4fdGsDiCbO8E+EdrArajQ4DBw54yWDYuzDg9vwcPbNEJ8z2Gg7Nyk8TEMxdAu4MMehFgDHxPsNgzllquIWCXALCSt5r5JnVAALlSE6RGBy6rCiyvv2fRi4CZ8HFUxGGhuSSpME3twn0rB8xWjnyjEJApKqQKtXMFa851Eb0EcBThCADNqFtPfcRg9Z5OANKCMqiiDcsrr0cA45eDGFuVW1BTOlD8iYDPxJC9VPotDQCpiwY5meR5FWiHc9SCwelLMbl8GXo9IIPD4Dt0PyMKq8K9RL4B7W4Pdr7FgLJ/HA1R99hVMvn8IV6UmiRgeHzJQoMIjfiPCVJadsuLVf6uPdk/xuFFot9FqM1Pflmo1Elgtd4h/WIbeLQITp5XwOxwyXP01u+LNH6VF5whatW9yQfDKcgJEpkJ9hzLiuD1R2CBXuJnLR/+vsrjj+nhq6xp/qWXeW5bYWmrXVy0MOIzs4OdM3uY20z834/pf57zL6w/CRKnLd7XAAAAAElFTkSuQmCC",83,97
7,true,3/7/2025,7,7,Food - Meat,abc,"data:image/png;base64,iVBORw0KGgoAAAANSUhEUgAAABAAAAAQCAYAAAAf8/9hAAAABGdBTUEAAK/INwWK6QAAABl0RVh0U29mdHdhcmUAQWRvYmUgSW1hZ2VSZWFkeXHJZTwAAAKFSURBVDjLfZNNSFRRFMd/b96Mb0ZHEbFPTfqQNKpFkVZYFO1MSFpEkBAYhBht2rnKHIogCNq0qIX2QdHOKFHJooIKlDIrykxLM0VzbMYZx9F57360GC0lpgOHc7j3/H8czrnX0FqzYKefVOuDm8rpDr1CaoVUct4VQglKcvfQdP8W7WeeGQsaN4tMOAKlk8VSSYRS8/Gv27ZYLMG1BGALtAZHSmwp2BgJc/T7V2zpIOT8XcJJDXBsgUU6lsuLIwV7JyfZLvysjEawTB8+7cex/w8IfBrqZY1VyAphsn5mGrW6jLLxMOu8RXS/68GxRSAl4O6x5vrnn54GJkZCHJgxYMNhZG4JJeEwE/1B2jpbA28uva9frDG01nC7zIfLLEJjApyPumpqsq2TWVtqkY4b60cz9/peP6xaldNAsgTEXJATL4aTgJulI+QU52kM0Bq0Qi7fTcKdj4pNYooprHg/xlwo2bR0IDaGKxo+ngRcXHMIoe+o/bV+WXgEFQ0iopOo6SAqPoW2E6AVRlo6JgL3hxa8gwMPyPBUGX8e0tm8QhQtamdlUaKgEhkeR8bDqHgEPRNFGxpLhPC/fSyJiXqaxi8sHWJgdAC/Z4frc3uze+ojWtnouRl0Io4Ss7g9bvy9T0PYunxB/M8WqBuKkZ3V4ZoeQgsHhANKgjMf09wxro12pFwjAKa3QmYXJ1OPwGtGcPmykcpC5iwroKF4a2pA4y4f2jgg/Wvxfmsj81HjQPrLthuZwU4scxqRtQ6kUZEaINU+mZHv87SeI62r6zpCb+PqSLVnbLg8o6d1VM/OgqOXAJb8RiJTeeaX8UF+2ado/Nn+5/zyUDt1RZu9fe+vICldLPkNkalgK6EwqgIAAAAASUVORK5CYII=",7,77
8,true,2/5/2025,8,8,Food - Seasonings,abc,"data:image/png;base64,iVBORw0KGgoAAAANSUhEUgAAABAAAAAQCAYAAAAf8/9hAAAABGdBTUEAAK/INwWK6QAAABl0RVh0U29mdHdhcmUAQWRvYmUgSW1hZ2VSZWFkeXHJZTwAAAL2SURBVDjLfVHrS9NhGB0Evy/9HQlZmmbe0iabspbbwJm6IKnMLWND2dzcnKDb3CJyjpy3QR+MgoxMV06HNl3iHBO6qDkjvGVlgn5Qt1yOCD393l8X8EIvHHg4z3nO+7znZQFg7Yer/ATVp4xbcavjowO6hKin5vSKp+4MdZj2ANFXcZKiB0M+Kx9TnXK8e1KBQIsYQ/WpoSFLGvVfA7cqnhrQJoTGbAJMdylpqDDdrUHwWQ38jiIM1KeH3IZ06lADt+YUNahPDPubRAg+VSPQmg+POQMvbmXC11aEye5aDNsL0a1PCz9Wp1B7DAZ1iZSnJikcsOch2KNFoK0Aw3c4eD8zzaDfzMGQrRDjj3RwWfLQcTMp3H4tkTFh0QFRdEDhQEs+gk49vWohPLe5ePP6FdbX17G5uYmF+Vl0as/BaRTBe0+Bh1XnYS2IC1uEsRRryJAyHmi7+OedEno4G1OTb7GxscEM/8X83Cwc0jTcV+agt7EYrdJM1HBixll0snyPJX3H1y5Bn5G9++njwr+b92P58xJMgjg0XT0LPfvYDg3+7wAN6fzndWlj9ru23e3tbUas0Wig1Wqh0+lQXV3NcJFIBDZrA3Sc2BkyfOAbrVbr1traGlwuFywWCzo6OmA0GqHX67G8vIzGxkaGo3thuVxexWazj+4xMJvNWw6HA3a7Haurq1hcXMTo6ChMJhMIPzc3x3B+v5/RCIXCBlb5y5L4672XLhc9EA0LlLwdbbUWE8EgSktLiQAymQzNzc3MFqQWCAWQyAu3iEmluvI7ix7+quy/gdqRSogq+DDVmxgDsnpOTg68Xi8mJibg8/nQ09ODbB4XdV41s4XBZACLvnnkgp3zJcOYPJ5akByVlcl2iUFJSQm4XC54PB7EYjEDUnO4HIiKhSFiIC2T/tyTwXH6iESiDzabbbOrq2vd6XQyb1epVMxPkJpwpEc0RLvHICYm5khWVlZCbm7uklQqjSgUiiiNHxKJ5AqNbLr+RjjSIxqi/QVm6pQnUTAFywAAAABJRU5ErkJggg==",99,61
9,true,9/11/2024,9,9,Food - Grab-and-Go,ghi,"data:image/png;base64,iVBORw0KGgoAAAANSUhEUgAAABAAAAAQCAYAAAAf8/9hAAAABGdBTUEAAK/INwWK6QAAABl0RVh0U29mdHdhcmUAQWRvYmUgSW1hZ2VSZWFkeXHJZTwAAAI9SURBVDjLpZNBS9RhEMZ/u60aZAdNSXdLrcxNS82DaRQVRBCUGngwwkOnvkB0yEt0qy/QKSrq5DUSQgLTSi01d80gcrXSTTdTViTU//+ded8ORihFYD4wl+FhYOY3T8A5x2YU3Ij54qOmp833zmX+14CWh431vm9OGs+8W9sPXOm49HsHqxarFhXbZ9W2EQxeECNnxUh0W2Y2kdwIcwtzJCbHY8+uvagBCAG0Vl3G4XDOYZ1jbPbj0ffJ0S6xQrT4AFszsxC1qFPycvJYXl45fOxG7ctXNweOB51zWBzW2V+l7MnbS21JLemFNBmhDIwIxhqMGowKxgjGNxkAISuWB2/uoqIE7Rb255dxMHKInO07CLkMxpMTpOZnmE7NEN4ZQUVITIyPDNyK1wEE1mJsud+QLUavl4cr2o5E64glhumJ9ag629TV1ttRd7VGNWQ/Dd6Ol/6VgguCDTjiYzGWvCWiReX4Pwxe2gPAX/Lx5rx1dAKt7c1OjCBGcOIoyC1kMb1IWTjKvqJSJqbGGR6Nk0gkOBitQMQyNDg0kmj/XA0QMr7hRPkp1ClqBbHKXNY88Q9xineVEC6IUFgQwZ62qFUsFm/Fq9p9Pvx66sl0XdD46y8sKiwuLZL6/o3nvd3Mp+cRJ4gVxCliFRFFjBqAQMOdM06MYHxB/FVEYqRPPG3z0/7qI/kazc/Pp7K6kuSXJEP9b2MznbM1f1D4l4oaI/Uq2qViJ1Ods9ENZ2Hy8dd+NdqtRivXUdhsnH8Cn6RstCM01H4AAAAASUVORK5CYII=",24,64
10,true,1/2/2025,10,10,Outdoor,ghi,"data:image/png;base64,iVBORw0KGgoAAAANSUhEUgAAABAAAAAQCAYAAAAf8/9hAAAABGdBTUEAAK/INwWK6QAAABl0RVh0U29mdHdhcmUAQWRvYmUgSW1hZ2VSZWFkeXHJZTwAAAIzSURBVDjLpVO7a1NRGP/dm9ubpGlMioGiLdFBHCyFtksHZ6tiQZAMEbqZwTGgkw7B3cmugoOL/0ATujadlIZchCwGWlERF5XbNOc+zsPvnNvUQmMWAx8f5+b8Ht/jWEop/M/POXvodDpvOOebcRw7lEHZRBRFOr+rVCoPxxJ4nlcgwOtisVhJp6cREghSwngjh7OzRezstKp0Ok/Q7XbvaHCpVJrP5XI4OPwGrS6lglSSiBQEkYVhOL4Eutwql8vmwFiAmMAfvX0ikKdxa/2uKWMsga7RdV34vp8oC4Ebi8tGXZ2o60b/04FmFgTSl/RAtHWv+4GyMOr6v0v37k92kPRKmcuaYHFp1aiPXKgJPbBHzIkDbZlIxEn9dgRf/UT6+wGezRxCvXqsxNMN/xzBKVj8bZwm2vq0gha7jedf1oCpLHBxgZTsqUe96gzFpiHQ1kbbqC2b8ckkz81lca1gwc24oPEAEcWx0Fd/2Zbztuo9+GEc6CmkUqmk7rMuIglOFfIhfWccKiTwkIPx2CmggCAILmgH79vtNgaDAfL5PDLZNG2gZYhiAvKQSjsmhwE1m+ngBAzJTEx7E2bsWq221u/3N5rN5v7e3i7SroWrVxZQLs9DDEmdaQIYIAJyEQmwIMBRNEAcxclbqNfr25S2G43Geq/Xe0mjXdJLJS6/AM9RbwIaJyP700TCpdlY3z4CCxmsSc955clnZSnznnDz967KOrC+Dp2wc104yh6mZJzlfwCf3q+o0qkR9wAAAABJRU5ErkJggg==",89,33
11,true,3/4/2025,11,11,Clothing - Tops,def,"data:image/png;base64,iVBORw0KGgoAAAANSUhEUgAAABAAAAAQCAYAAAAf8/9hAAAABGdBTUEAAK/INwWK6QAAABl0RVh0U29mdHdhcmUAQWRvYmUgSW1hZ2VSZWFkeXHJZTwAAAHlSURBVBgZpcE7a1RRFIbh95yZXEaSSLwWFkFEkICKhWhhIV7AxlKsbSz9DQpa+gfsbERQsUhnEYOFFiJoYSrBO6IBY5I5c2bvtfb6jCIIYjfPU0liFDUjqhlR99r9FfEfHoFZkNwxg9ZFm5xkTptFY0HbOl02Hdvf4y/hIUoRHsKLMBcWgZkwD6wE2YNbi1/p8sf6wCkBHsJLkIswD8xF9iB5IZtIHmQLtk11aftOl03nDk/x6NUGpw9OsTYo3H26yoXjs/TGK8Qmwav3A5aW17h0cjfJg9tL34jWqJM7gxTMTnWIgImxmjYXeuMVNxe+UAFX731kbuc483t67Nk+zt5dk7QWROPUTXKevWk4um8LD5+vMjlWcfnMTrqdin4qCGhSIQJOHJjhl41hIVlBTaHut+LU/DSPX69z9tAMgxTcePCZZKIZFiRohoWQePmuz4eVhARDE5Ey9VqbsSKeLK/TqSsk6CdHEk0qIGhyIQQ3Fz7xY+Bs7XW4fnEOJVGdvr6s80dm+fQ9kS1IHiQT2YPkQfbAPDAXVgIrwkPM7Zhg8c5buusbTpsL05Md8ljFpFXYhHCvMK+xEFZEKYEHlAgkkPit2nflhYatIxORAmVHFigVyIFKIAvkggj+VUliFDUj+gngimmFTeOsxAAAAABJRU5ErkJggg==",20,84
12,false,7/18/2024,12,12,Home,abc,"data:image/png;base64,iVBORw0KGgoAAAANSUhEUgAAABAAAAAQCAYAAAAf8/9hAAAABGdBTUEAAK/INwWK6QAAABl0RVh0U29mdHdhcmUAQWRvYmUgSW1hZ2VSZWFkeXHJZTwAAAKGSURBVDjLpVNLaBNBGP5mdpNsHptH25i+0toIRRAFD3rxqCjowaPtzYNYvIleehE8iHgTBO1BBCl4aG+CxZIeWqrFBxVEUXpIwZqmsWuyaZNusu9xdlPxcSp04GP/Heb75pv/QRhj2M+i2OcSbz1+Ny9F5OOVhhXd0W3qckMuGBweuNydw+G67f9dMBDHsprbleJKoSCmU4ns2MXhuGExIoWEf9TJ/zFpf1uGLbQMp3f0nqFTpW7nTNslz+bLKFZMaAbDWtVFUXWxvuWivO1CaTBUNAbLAdarJh68KKOmGVROZw9RzXBIKEDR1xNH/oOCrR0LmThBgJsJCgRB0QOQDBNU6yamX28i2RFHZzLke6JN3fYt5rpj6M/EMbusoNaw0BWjPjHIhRISgdrwyAq6OuPI9cVAdotHNd1pZ5MfzPXGkE5FMLVQ9AkeUeao8nhyrohEIuKfCYt/lVFrtR0Qnh3bsiGJLgb6kph5r2C9ovt4/lZBlu/JQQeU2b6z35kVm4YDz41p2thUG8hmZASDAZRVCa9W6n6jDGdTSHx8Cm3uIcxSAXpnL8oXrgLsjCdgM15bolQ5OS0jLAXgKQ4diGCAwyublp8APk/h5KUrCA0dQetTHl+XpnGU1ZioqaVvhmkPHu4Pk1iYEkId/1bvSYS0O2H55X2cGL0GaXUBWLyDSCKJg9lBHFuYdERz5+fa6euzqZAcjYohgYg8m5SXT+AqlBJQ/t6bG2ui1D0EnL/xp4Vv9yCp10Syl2HKnxWLp0Yu90e/z8Bo/UCT7zXqAlZWUdrTMEU6Mk++vFm0y3oYdSGAmkpQKBGHX/2I7HWcl0YGxjV1Y0xwyKAjsBJnTZzL23d/AbqhIfYa8w35AAAAAElFTkSuQmCC",49,17
13,false,12/24/2024,13,13,Clothing - Accessories,def,"data:image/png;base64,iVBORw0KGgoAAAANSUhEUgAAABAAAAAQCAYAAAAf8/9hAAAABGdBTUEAAK/INwWK6QAAABl0RVh0U29mdHdhcmUAQWRvYmUgSW1hZ2VSZWFkeXHJZTwAAAJvSURBVDjLhZNdSJNhFMfPM9eW+3BjbGIKuik5toZCgYRIF/axEUbSRQUjiqigi7roIiiCrrwIwusKbybtJuquZLSBWcSaFU0slC0/arbC6PVjn+/Htv7PKKlwduDH/32ec55zzvPxskqlQpvZtUf7K2JJpJXCGuXkfPnBubm6zeJUVMMYUxSv+zwNdl2iYkmqFVY7AalLamIqqjAiheSacep/J25HBlazcoFaTd3V/OUyI4fFTbuH6zOZvCgmb5StWyao2yaZ3OZeajLtoeVMitYKAvXZj2FPOsPT2Ynif7ew8PlW92xunOaFCbLom8lqbKP48nNKrRupd/t968CVu11bJhi0F6+rl4ZoMveEZn6EaEZ4Rq9TyfXG7Cmysjz128sX/jrs6enpO4qi7AMky7IGtHs8HvZwbFwM2c5oVYKTLrcM08t4onCkf299JBLJS5L0SRRFgn5XYaFis9lcSObCxFWNRsOi0eirjh1m7YnVkZOnDTcpkUgcb7Pq6sPh8Iher9cVi8Uhp9PpQpJ2FovFOhhjH3O5XAsSCMAN0nA28krAge9FaDP0G7QJrGi12rQgCGOqnp6euWw2u44OviDgMBxvUeGgTqebgvoMBsM7qBf6AX6fyWTiesDhcPAtvGD8KYdgGJyFg3fQCf0KbYXO8w7AAh8DPm/DOQlgEbs/Wr0FVLj3RwdTvEJDQ8MbXtFsNvOOfBaLJY7xIeh7JPEiQRpMst8/0+joqAyHEUF2frrQTmgS7AQJBDvAEmhC5V3gYiAQ6Nt4iVigBgUE068r2gCLNuDXjUOnUqn0uPoOav3OW5nf79dwDQaD0k8mKaZoCMdoNAAAAABJRU5ErkJggg==",63,1
14,false,2/24/2025,14,14,Food - Snacks,ghi,"data:image/png;base64,iVBORw0KGgoAAAANSUhEUgAAABAAAAAQCAYAAAAf8/9hAAAABGdBTUEAAK/INwWK6QAAABl0RVh0U29mdHdhcmUAQWRvYmUgSW1hZ2VSZWFkeXHJZTwAAAITSURBVDjLlZLNi1JhFMaHiP6AvN0Ls4vob2jauYiIFoGBtnFlG1fSws1gDBdXLhIhdaEuvILfjtfK0cyvRflBeHWUEBW1nHGKpmkcpWw+ani6r9DCutn0wuGFl/P8znPOeZcALP0ekUhE7vf7HR6PZ+ByuQZ2u91hsVjkUrl/PITDYbnP5xMajQb6/T46nQ5KpRJMJpNgNBrlkoB4PL7M8zwbCoWaXq93RMStVguVSgXlchmCICCXy8FgMDgkAdFolK1Wq+j1emi326jX6ygUCsjn80ilUkgkEigWi9Dr9ac6nY7TarUrc4BAINDsdruo1WpzQtEZRDiCwSDE1pDJZBCLxaDRaLg5gDispnhmvRKrJJFU/SUWBwqO4+B2u5HNZqFWq8dzAKfTyRIh6ZVAksnkrDpxkk6nIW4F4nxmrghMpVLNO7Barctms5m12Wx46bw23XRf/TF5JsP4qQwHT2QYRWXYW7+Ix6vXT5VKJadQKFYk1/g1x5z/kmUU0+otnHy04Hi4hu8HHD4n6elegr7/z38wyTA3xy+Y7mHvAb69UWDauI0PiSuQEkoCRil663CwhuMddlad3EfbD/F+4zIWAvaf0+dEm48+bdDYjdMYC3dn4snmvYViya9MYoe/NNx/fQdb69R4EKGYMwOGPHVhO0qt7r66gXdhKrJIKAkQq6nehqijflCmOov4ry38T/wEpFjkJMz8PioAAAAASUVORK5CYII=",86,6
15,false,12/30/2024,15,15,Food - Canned Goods,def,"data:image/png;base64,iVBORw0KGgoAAAANSUhEUgAAABAAAAAQCAYAAAAf8/9hAAAABGdBTUEAAK/INwWK6QAAABl0RVh0U29mdHdhcmUAQWRvYmUgSW1hZ2VSZWFkeXHJZTwAAAGnSURBVDjLnZOxilNBGIW/mXt3CZsYQQtjJYqPkE4L8Q20WARbmxWEFQvBXrByQdDKF3CL1QcQH8DOKmVIkWIFbdybTe7M/x+Lm+zeFELcAz/DwJnD4eOf8OD5p4d37w2f/qrUwR25k3PG5cgMl5AZ5k5/O81Ho+mHo7e7RyxVDu8M97c63TjosIk61cz2gfOAWVKc/T5hU50mxfa9lInXj29vHPDkzYT1ADkAi2x8/jq6fpy7N37+8eJfPHqX+zx7/1397VSNRtOXJRIAMcB4tnOr19thcHWjMt1qZu9KcwMghEBVi+o/eZSW81nARXiUOaXzgBYPuTCH7I65Y1nNyKlN3BxcwtwoLTUNItDmoRhQECWRECIhGKEQhUfK3Pg8G+V0PPm2d5Du5zpxZXDtrA0BCoEkCkEMBWUAC8Ji09TNG8NqXnz8IUnK7sruSmaqzTQ30yIlndZJszrpZJ4kSY9efVnfqjaP9hmBECNFEQkxEIuVP1O2A9Z4LB8Xy3OlrbbfbD1gOp4c7h2k3VwnzAx3Jy0WzY90Q6ZmK93xBsNh0JL8RfUXD1Ut4VHY1QEAAAAASUVORK5CYII=",82,88
16,false,1/4/2025,16,16,Food - Prepared Foods,abc,"data:image/png;base64,iVBORw0KGgoAAAANSUhEUgAAABAAAAAQCAYAAAAf8/9hAAAABGdBTUEAAK/INwWK6QAAABl0RVh0U29mdHdhcmUAQWRvYmUgSW1hZ2VSZWFkeXHJZTwAAALMSURBVDjLfZNLaJRnFIaf779PMuYPmSSjCUmYKBXREBLwEhUXIm2otlRBN1WsIoJLRcRdN0VEcKWgC1trV7pQBHGjokKrYBFNWsQk2gwpphNzGWcymcx//T4XIWpQ++4OHJ7zcnhfcenGk9NSiu9nA+n4ER9LLRxNAxyTiwe+6z4MYEgldm/b0NLgOI4QQuf/5EmIo5Brd1/+AMwBZn1p27Yjfrv/Bo8pSmKQTHqchFkkUpL8dIJnL12q1AoMUhzdmSGWQsxDjSACTdPRBATaGJn6cWxrhKJfIoojDNumvWUJ2eFqaq16pFzoygCQgKYJfDWBZb6hUCnixx5BFBGpMrZtU/YTpBIaCrXgMe8BQqAiiR+HeJFPJfQJZEQsARGiZEy79SeFmz/yVbLD7f/luBLe6F4DQKk5gEMDpXIOpZv4skwQxZh6gnIpydq6SXob8yTqd+NmuihklzNw68Kp9wBNkNSbGR17jevkqKrWsEXETL6KVGmGXWvqqXG7yf/zHEsELKpZTDLV6hrqQ4DZSFOii1dP71Gb/A8Rx2Rsm+2bV1PbvgU/dxmrSjDSN0DoBVNeZWb9OweDUweJpSSWki/8CXpa2hBmkabOLtylX+ONnkezIsxkG5qXVeG0t2X1kdtDhlIKAfTOBQsAvaNAYfg+y5qW4i77Fm/0HJoZEUxnmHzQx6Pq/eU9B3b0AWjiE3n1J4dIORaNK7cSjF1AtxT+dBuv/3iM3XuWopWJ53c1xxRFZEhneh2di3tY9O8r0pUioWwm9/cZJB7lfDOTjwao++Ycdk0KQxfvLhqWIa5cvTfcE8SqQylIZ391dx76mcHLRxn6/SF2aydePidHWg/Plh8UYkMvYGpcmgcIpRba/+ngqvDY/kMGWkzfneuMZF/MuA11G7880d//qYJ9BNi1qa7S3Z421qzIoEz/YWV8Yt+2k38Nf66hbwFu+Dui0xbh3gAAAABJRU5ErkJggg==",41,71
17,true,9/27/2024,17,17,Kitchen,abc,"data:image/png;base64,iVBORw0KGgoAAAANSUhEUgAAABAAAAAQCAYAAAAf8/9hAAAABGdBTUEAAK/INwWK6QAAABl0RVh0U29mdHdhcmUAQWRvYmUgSW1hZ2VSZWFkeXHJZTwAAAJOSURBVDjLlZLdTxJQGMa96K4/oPUHdFfrpntyZrXsoq25tlbroi6qi7ZuYsuZ0UXRWiv72NS0gjIgDQ1LS0wkwU/UVEREUkEIBBFE+V48ve/ZICza7OLZOTt739/znHPeEgAlhZpyB8+MLa58HHL63H2zy4muycVku8UZahl2TNJ688/6wsbd31yBLps3BNdqFCvrMYRjSURIvOdzzdAcmozWhTaLc+8WADXvHHb6RhYCEdEU2kiIJu/aBtwEywE3k2lQKjz8NB7Sjs7vygPMDu9ddogmUliNxsWaSGfwM5sViqcy+BHeFCl4r6YkzwzTnXlA9/SSh924md25qFDszMnmfGuga4pEd3QjiTxAN/49xY0c10MgjsuOuSssBdfh8IdBSUG1AibTDmbzAHrhZab6IzHQq6N3xo3+LyqY+1phMmig/9AISolm8yyMdo9IcKtt6HcC+h653uoScTsJ0K65jw5yYrWOOISrol6Kht4pcUV+g0efJwx5ADXtUA3a7aMLflHQoa0VzfTSoHMBUClqwL9EM4Lrb01JOt+zZQ7ob/c/N1qDDGEHBugKxO6mOS+qWswZRb/t9F+DxCLHAzQovsfdEyAYXn6d4cHBa7r7NXU/brwbiCpNtsNFJzEnaqp4KjufblDU4XbtJVTJL+BqjQynyvZl6e8P/nOUC1UtvehWNr+BUqlGXX0T7j14gpMVZcFitUUB0ivnBvQ9PQgEgrBYxvBC8QqVxyXz2wboVfKzlSeOxsrLD2VLSyXZY0ck8feN1Ze3Dfgf/QJBCig+4GhFlwAAAABJRU5ErkJggg==",93,15
18,true,1/9/2025,18,18,Food - Canned Goods,def,"data:image/png;base64,iVBORw0KGgoAAAANSUhEUgAAABAAAAAQCAYAAAAf8/9hAAAABGdBTUEAAK/INwWK6QAAABl0RVh0U29mdHdhcmUAQWRvYmUgSW1hZ2VSZWFkeXHJZTwAAAK9SURBVBgZBcFLiFVlAADg7//PuXdmGp3xMeIokk1USG8jKmlRYJJU1K6NRILQopXVImoVFBGBpLteu2gVLYyiUALFRSVk0aKC0nyE5uA43pm598495/zn7/tCzhns//LSQzh867rxXYO6NahbddsaNm0Py7iGhEUs4DMcKwHapnn4vtk1u157bBMA6Fft9KBqpxdX07aqZnmUnL+24tuz/T04WAK0TbN5qhvApRtJJwRloCgZ60Q3j0VFjDoFO7dN2Do9ueGT05cPRYBU11OTJU3LchX0am6M6K3SW2VhyPxKAm98ftGuuUl3z3Q2lQCprjes7Ub9Ef3VJMagRFEQCwpBEWgR0pIfzy06c7F3uQRIVbV5eqLQGzYGoyzGrIjEFBSRQlYUyIWrSyNHjv+9hP0lQFNV2zdPdfRWswYyRQpiRqKQlTlqM6mTNFUzd/SVR69HgFSNts9Oj+lXWYgUIYiICICQyZlmNJKqUYIS9r793URZxO5YJ6pSEmVkGUkAATFSp2SlP2iwBCU0o2rT5OS4GGghEwJRkDMh4ORHhic/9MO/f3lpfF1YU11/nea9ElI1uqmc7CojRQxSG8hZixBw4mNTf37hjucPGJu7y/C3Y8Xvp46/c/yJTr/4/sbtM21Kh3Y/uOPOua0zfjnfSG2WBUXMioLRpy+6/9kXTJw9IZz6QGd4XnfDlnjl3IUdZaqq3Xj65z/+sTgsrYyyOmWjOqiaVpNaB65eMD47x1OvAijf2qJowy1lqusHnnv83ok39z0CAFKmTlnVcOanrQa/fmPyq5eNhv8ZYHmpkAqXi9l79t62fnrymYXl2sX5vvmlVUuDWt1kRYy6naAbWv+cOip2grro6y1k567ElBrvh537Ds/gILZjIzZiPdZjerzb6YyPd+xJp+248rW1/QVVGeeL3Bx58ljz7v/pCEpK8wRGcAAAAABJRU5ErkJggg==",84,46
19,false,11/4/2024,19,19,Food - Snacks,def,"data:image/png;base64,iVBORw0KGgoAAAANSUhEUgAAABAAAAAQCAYAAAAf8/9hAAAABGdBTUEAAK/INwWK6QAAABl0RVh0U29mdHdhcmUAQWRvYmUgSW1hZ2VSZWFkeXHJZTwAAAIsSURBVDjLnZPNi1JhFMbvKtoHBa1atgmCtv0VrVq0aCkGCn6mYH47ip8IflAKhibpRke00BnnKiKoiKA7qSkF08FvvToak/f0ngu2qBYzXngu3Jf3+b3nPee5VCAQcPj9/ucAQB0iyufzPXS73Wd2u/3RQQB8Wa1Wiclkqms0mrsHAQwGwy21Wn2qUCjOxGLxHVyrVCpHpVKJpWmazeVy20wmQyeTyaf/BaAKhcIrkUh04XA4vhSLxTIxX5IHULMCDd+PkxCLxbaRSETxD6DVamUbjcavWq22LZfLMBqNgGEYuJgs4TxbhG9PHnManuQgGAyypOnv/wCazaat2+1yJ735pOCMy+USBuMFvPzIwosPAMW3xzDwemA+HHL78vk82Gy2Iw5APtZoms/nHGCv2WwGP4Zz6AwWsFgsYLVacUI47jUajTvS9GcUaQ6LgL/Ne3U6HSBVgtPpZFHT6ZSrst1ug1Kp/EolEokdUveGPWAymUA2m4V0Og1kD5AxX1osFo1er2fxGpvNBiQSCVDxeJzp9/tcWWjEcsfjMVSrVUilUth5IEYgo/6Md1apVDSu46FCoRCoaDR6gp1HIwLQ7PV6ezKZbMnj8YBoKZVKUzqd7h4C5HL5bZKVU4FAMOHz+U4qHA6/RiJOAgFIJvFmrp3EUCj0gMyVqdfr0Ov1YL1eg8vl2t0oyh6P5x2JKZAwAQkVNuznjQDkb7xPgnFuNpuvyHyvtFpt+bqA3zDZAQQexaeGAAAAAElFTkSuQmCC",48,8
20,false,6/17/2024,20,20,Health,abc,"data:image/png;base64,iVBORw0KGgoAAAANSUhEUgAAABAAAAAQCAYAAAAf8/9hAAAABGdBTUEAAK/INwWK6QAAABl0RVh0U29mdHdhcmUAQWRvYmUgSW1hZ2VSZWFkeXHJZTwAAAIrSURBVDjLjdNPSNRBFMDx764aarTaZqmb9mcXDyaF9IeS/kBCUR6kbt3MU9gxCjp1iujgpQ4eutS9SxAUS1Barm6EYnRYTEPNpaAtbXPd/f2Zea/Doij+wQfDMA/mM2/eMKgqWxk/29p0vXyQLcbL7u518wFVXV6kUim11mKMYWk2xpDJZEgkEkQiEWKxGJ2dnYGlPaUrNd/3iUajAKyEVZX29nZUlXg8vqqCVYAxBoB348WbWQUrICpYC5cOGVzX3RjwPA9V5Wjd/LqNhOqtAcn0TkQFI8UKjAUR5WqrwXGczQGAE/W/15z+OHmd5EyOJu/axoDruqgqA9NhrCpGQGyxF3nf0FDTzIj7lCt9fRUvbk4X1gBZ+xdV5UxjhkfDXaj4eGLwjCESbqK57iQLziKf08ncud5w1fvbc7ll4E6y58C26nIuawcighGPCy1dWBWsWATlR3aWww2nyXmF4Mj3geyR+8HwMiAiB4NlJaSyX9ijERzjYVWY+TOBLwYjPr71+ecu0Np4lpyfD36cGvwTBLiVuBHCBt7uKqvhTfo1IoJjHIw11Ib2URfaT31VlLKSCnbv2MvobIKhb4n5vMfxUgBrbI81ohO58cB2L0Q8/Yq8cXg23IsnHo5xidW0cCp6kU8zg/RP9mttZevY0N3RsSLwvPwhQADIYxlnkggdq57rQ+EJgWAFQ1+HOOZ2BMJztefXfKbNInovsGilpLIgNvrrgU4t5f8DTGqAX1cDO6cAAAAASUVORK5CYII=",43,86
21,false,1/13/2025,21,21,Accessories,abc,"data:image/png;base64,iVBORw0KGgoAAAANSUhEUgAAABAAAAAQCAYAAAAf8/9hAAAABGdBTUEAAK/INwWK6QAAABl0RVh0U29mdHdhcmUAQWRvYmUgSW1hZ2VSZWFkeXHJZTwAAAKzSURBVBgZBcFfqN5zHADg5/P9/d53/87OmdnU2jIttiGJEZO1SSh2YcWFXHCBEpIibsiVO3GhlhIXascF7maoiY200iSbIYZxmv3/55yd877v7/vxPJGZ7nplz6MLxuc9XMIGzEeAQAZZjWr9/eyp3B3nz7ywd/vWAUBkpntf+2bv+89suLqUWJI0EoBMSCf+G9rx3Vn/Hpmb+enAz0u/3r51DlooTazrt82Sg8c1JYIgK11Wo1G6OOxsuWqxW9a29tUTC7OuP7P56Z2XfPXWfXMFImIsM5t+U/QKbdAUmiCCIlCtGO/bevMKV1w5b0E7vug9KJAEFJSgRCgRSoQSoTTh6OmLVo8NXbM0PL7xUk2veRBagEzahhAyQu2SEtqGfha/nUqDOlLrwKY180RbRtBCJok2ipQSUUIgK9kUetXS39421h12sW4hVoECiYoISoQSoUSIDL0m9EoYO/KB1Uv/tmbzI5z+zFo/FChQR2RSkchMpFIoEeb/87FV7Zcm1t1k+q9degtWemr1F/1dz655qIVaU2aSpAQggd65703cep9u5qD5y1aZ7f6xesu1yszx7S10lS7JSgWQoCbD/krDM38qzUlRpvXHTzI747+jc00LdZRqple/HwipBplh5ewhD3rHxKKhOppV6lnKYjkc+HHysF9/OfVEC6NRp+tYMd5z42VFTZYd2+ny6Q+t3bhRDj4X3QUHPh0YTs9Z0g9vTj0wnJx8abKF0Vyto1pz0Ilvpzo10mPnPrF+0x0GJ7dr2wk/ftn5qPeks9ff443bSz343Ldz0MJwtju2qN8se/G6waLMLJL2h0Y0U5p5yx36YkZv3ZNevu1+Eer8frnQjeoUtBCRr9/9/J5tEXFDyoWwbXm/vfuPfc350yPvHr5zdGj/4s7kbpitte5vix3wP04jPQSDxpk/AAAAAElFTkSuQmCC",71,5
22,false,5/10/2024,22,22,Accessories,def,"data:image/png;base64,iVBORw0KGgoAAAANSUhEUgAAABAAAAAQCAYAAAAf8/9hAAAABGdBTUEAAK/INwWK6QAAABl0RVh0U29mdHdhcmUAQWRvYmUgSW1hZ2VSZWFkeXHJZTwAAAGWSURBVDjLpZG9S5thFMXPG2NUxE8oxFAtKFnyLwiCHaxOnToodmoVh0qJFBVcRXQLuOhWLLQoWtsIfkCzmNLioA52EYz64mBKFAJKCXnuuU8HWykaS3i92z3Dj/O717HW4j7juxm8+TZQMvS1f9QzgNRZUnuKBTj/KkSTfbGG8tBrVYWbdUEqKMzQcFuEGzRc+tD76aQgILrZNx6sCI01V7XAcQBahaoiJzlkf2WRzv5E6jT1mUamlvvXv99SIDVAEgqFKEESYgU+x4fyQBnCwTAiDyNPjZGRzlh7Y0GFgbXn08HKhlck4Z65ECFC1SE0PXiEUn8AqsRe6gcO3IPol+Fk7NYRZ7reDbrn7tvjjLs392zRed+97Bymj2KJncTJZe4SF/kL1FbXwhh5cucXxMhLMTL/d//4YjVq8rK0f7wPv68UdTX1kLx0FlT43zyebLUdbR2gKuKrcWxN7DoA4C/23yYvMBSoVYjhdV40QIxAlLCWECNeAAT1TwPx2ICWoCroTYFXCqqglwYUIr6wAlKh1Ov8N9v2/gMRLRuAAAAAAElFTkSuQmCC",88,99
23,true,5/22/2024,23,23,Office,abc,"data:image/png;base64,iVBORw0KGgoAAAANSUhEUgAAABAAAAAQCAYAAAAf8/9hAAAABGdBTUEAAK/INwWK6QAAABl0RVh0U29mdHdhcmUAQWRvYmUgSW1hZ2VSZWFkeXHJZTwAAAHeSURBVDjLjZO/i1NBEMc/u+/lBYxiLkgU7vRstLEUDyxtxV68ykIMWlocaGHrD1DxSAqxNf4t115jo6DYhCRCEsk733s7u2PxkuiRoBkYdmGZz3xndsaoKgDGmC3gLBDxbxsA31U1AKCqzCBXsywbO+e8iOgqz7JM2+32W+AiYFX1GGDHOeen06mmabrwyWSio9FI+/2+ioj2ej3tdDoLiJm+bimAhgBeUe9RmbkrT5wgT97RaDQoioIQAt1ud7/Var1h+uq+/s9+PLilw+FwqSRgJ1YpexHSKenHF4DFf/uC3b7CydsPsafraO5IkoTxeEwIARGh2WwCYNUJAOmHZ5y4eY/a7h4hPcIdHvDz/fMSnjviOCZJEiqVCtVqdfEl8RygHkz9DLZWQzOHisd9OizfckcURRhjMMbMm14CQlEC/NfPjPd2CSJQCEEEDWYBsNZijFkaCqu5Ky+blwl5geaOUDg0c8TnNssSClkER1GEtXYZcOruI6ILl1AJqATirW02Hr8sFThBVZfklyXMFdQbbDzdXzm78z4Bx7KXTcwdgzs3yizuzxAhHvVh4avqBzAzaQa4JiIHgGE9C3EcX7ezhVIgeO9/AWGdYO/9EeDNX+t8frbOdk0FHhj8BvUsfP0TH5dOAAAAAElFTkSuQmCC",21,69
24,false,2/28/2025,24,24,Food - Snacks,def,"data:image/png;base64,iVBORw0KGgoAAAANSUhEUgAAABAAAAAQCAYAAAAf8/9hAAAABGdBTUEAAK/INwWK6QAAABl0RVh0U29mdHdhcmUAQWRvYmUgSW1hZ2VSZWFkeXHJZTwAAAJwSURBVDjLbZPLb01RFIe/c3pbvdU2RYsmfUS1KrdaqkGQCANDzyZMjEhEYiBiYGCkf4LExEQiDDxiQARh4DWoegxERG4IQkQ8cnsb2rPP3mstg6OlcleyspKdtb71++2dHZkZ24+c7TOzywYljA2GYQaYkRWbSRWPd+V398+d6ALIkTUcNFjeX+iIvn4rYzY9BBlMMYXx8i+mnKGWW8KfyACwqb/QHm0ZaKejtR/LCKhptlWz7S1NddTV5ti44xCzAJjN6+/r5ObTN5RKk5gqADqtwgxTY3xiksSl/Bt/LBDlanL0rOike9F8RMBMUTVEDFElqDGVeC5duVcJYIgoH75OUBNXkyQJ3qUEzc4DVeSqa2ieOwc1qwAAVJQgHuccu9Z2Z/IzdVj5Gd/eXuSF7OW/+b8KvCjiA0Fizt97hfOBIEYsCduar7C0Zwul4iPM8rMA8TQgBCX1nlTB4jlE1XmozlOof0nnkg00tg7Smo7R3jheCQA+CCEJOC8kQUi8kJcv9DJKQ3MTMnGNtoF9bG17TVVcSYEo3vkM4AXvhYI9pK1vNyTPGTt3gfqmKZbVf2R1m6tswacZIA3KAimyclFEw7xJ1L0DU+TnE7o2H2NXocTYqfUNMwA1Iw1CcAHnldSnrJbbNHWsQidfYDrF0HAvmn6mtrbI4MZhgkuPzroDEUNSwXmh24/S2zNIXcN3LPyAqIpnV4uAokmRlmWdiPOHH4ysKMw8I3HMmnUDWBQx9OkuLYXTEL8nbmwBjLX7d864rsovpWvr8YXF6yMnpwF3bt0YPZD9PGNoeZnHZ/ZgapjqrBppkNgkRRUzW/wbVUOsic+TyncAAAAASUVORK5CYII=",66,74
25,false,3/25/2025,25,25,Food - Breakfast,def,"data:image/png;base64,iVBORw0KGgoAAAANSUhEUgAAABAAAAAQCAYAAAAf8/9hAAAABGdBTUEAAK/INwWK6QAAABl0RVh0U29mdHdhcmUAQWRvYmUgSW1hZ2VSZWFkeXHJZTwAAAKiSURBVDjLlVJbTNJRGOehXtl6dD20tbV66cGtrfnUU7WW09Sl3TRsokucuGGZInIXRRAFEQhMBNMCUkEDuWiKrTC1uTJvqVQP9dZDDW1p/TrnT2u5XNbZvp2d75zf5fvOxwLA2i2aJuoTqjEZe6e7XcHqqCJhnWmHclSCumA1+78IGsblidszbQi8G4R5yoDaQBUqfRXsfyIglhOWaQr2wbXihP/NAPRPNBB4y8FzF7P/SlD/SJowTxsQeOvF/ddOOBatqBoSYCjeD82ECtddXBR257N3JFCOihOmKT38BKyeUEI5LoF9wYLOBTPuLnXCF/dAGhbhiv3C+h8E8pG69fZnrcSuF6ufl/BlawO9s91QjNUlwWseSMJCXOrM3dxWgmGy+ZAsIvpqnGxhalVHlQzYFDUi/nEVqqgM3jU3xCEhVUZ+10Xk2XL2MASGSa1IRiy1xXQM+N6yg9gWM8oULB+WJMHBGqqM2IfHqB2+hWxLhoIhoJYMsWY8JA3qXe5iar0zb4Kc2FaNyzCw6oYoWA1eVwEE5gIUN2eioPEUMhpP4Iz+5D6WYkRsJwHbcxMG4w9QOchHx6t2OBc7CNjFqPG7CyF1F2JozojZ9yHowqXI0x1FWsUBJ0sxKk6hLuiQmKZaGbuOBVsSTHJcDwcc9Wl4X7bAO68HXZoIF7pICY7zUjaYJtb4b1jtMzYIfHzon2rRv+KC0H8T561ZEBKSdGEq/HM2/L58L4yUIPkVlT7+YWm4diu8FkCZpwSEEFnmjO+k08M5lsyatLL9G02ha1CFOAxYFeRsd1DeV7qXTFc/t4fzjd/HwzlT+mauLfsY6fRBek8eKnI0R6ANFTHKdKdnktf8GqKiHk7qVcflafJVZ3cab/K4gcQnavvn3kDzPwBTBMCdhxN/5wAAAABJRU5ErkJggg==",1,66
26,true,9/13/2024,26,26,Home,ghi,"data:image/png;base64,iVBORw0KGgoAAAANSUhEUgAAABAAAAAQCAYAAAAf8/9hAAAABGdBTUEAAK/INwWK6QAAABl0RVh0U29mdHdhcmUAQWRvYmUgSW1hZ2VSZWFkeXHJZTwAAAJ1SURBVDjLpVLdS9NhFH724WbTWcpKiTUxWyJKRTdGURaSUt5URDcW3XYZ9AER1UXhTQT9CREE3URi1EUkaGhq5ZSgDzc1tWmaGzrd5m/v+55zurBy6u468MD54Dzn0yYi+B9xZhvxwWOPheWCiECYARYIrejCvKoTT/qbQuUbCISlZXNFC4QFIIYQrcIQ0rEPsBKR5N/kNQSxgaN3Xd6gHQzo+HOINmCtIUojz3cG1sJXWIkI+ZtC3uyi9tXqfD1/y15Q+hvEEESvIM93CioZxfJCBExctX4HdgCYe3/kbJ4n4ILNBUp9hhgCk4GjcD9Yp2AthEGZxebAyaHRnATC/MjlDUJMCmLMn5kN7O4AlueHoZLRa4HmoVe5rmCb7T1U53D5+rz+E1CxdrDSEK3BlgVX6WnEI09EiNXDxQJ3yihc8aQzDmIIcSJ4fqTUKSTtLu9uCGk4i5ogZCCGAAHEMIrLz9nEaHfm00v4fdW4MxVy3y7gtEPTQQBwCrM7Od2VyboxhBkP5ovcwgqKDZQhbC8JorqsDktWCpejffmWUbNvAdhyfeLEiz2d9xOe+uM1F0HCICYwBDOJKIoLtqF37A0GJrvYMqrEmWsxQlxvGQUSxkQ8As0GhjU0aSxmlrBvx2Ekddre/707voFgvK12MN+7C1YsDEMGpUUBGCaQMH4mJlFSWIbQjx70jHbPKYPGNSOMt9UWQuxLQoyrsTSWlRLFCpZRqPTV2A7sbMTHyXfoCL+eUQYN063yxbmu9X4m80uIK59dGktmx2rv2VM2+yZPZ7hjSjEapltleCVJ5B9GnlbVZdvZqLiFVOCmQ7beQEW2/zeRQcHUmJPKOgAAAABJRU5ErkJggg==",94,49
27,false,9/28/2024,27,27,Food - Baking,def,"data:image/png;base64,iVBORw0KGgoAAAANSUhEUgAAABAAAAAQCAYAAAAf8/9hAAAABGdBTUEAAK/INwWK6QAAABl0RVh0U29mdHdhcmUAQWRvYmUgSW1hZ2VSZWFkeXHJZTwAAAI4SURBVDjLhVPNaxNREJ8k2yxuDMGEkGi0QltREC9+HQQPKl5EkBz8D7xI/QDxIh4KpeA5lII3IbeAF6UKHjU5SS2op1JKTFiN5GOD6WY/s/t8M5u3bkvBWWZneJn3m99vdhJrNBqrjLEH3MH3fRBRuOd55NN8qVwuL0PU6vX6N13X2f+s3++zWq1WxwZRlxAZbf37CBiP/IzcxwL4l1+bZcRkvxGAG2DAscxMAIAPRaBXS3NIguu6VNdefHoPDPP97Ku1X1KAynXzwuGuBdudMSiHkmHnoxmJxwRdnEwm0L7/5HkK3BV9bGzwo0uBhKmeTEqGCwvyHimYDwcBgxPq7yKMjTe2Y68cjnsXf1y/s0gMEjEAj1e2h+4e/X5kHv6Xr3C+rS7ounHbNa3HcpJVYGw+JADsfuuMHGok6VNWaMmkDNrnFEx2deAMXpz88DrWvHyzApZ1WkJdwhzHgW63C5qmEeVsNgv5fJ4D8JkguGEBGxtBsWECs20gAPEp8bKqquFC8f2gPJ1Og692QHIdYIb1rHn2yqO0IsHoj70VFwywcDAYUCyVSuQI0uv1KMZuXIVP2SM7YJrrM75XYY4NYNmr8agE0VloF/MRM9mcP95hln1XTjAY/RxuzPW21iQcnJCAmpF2q9UKgfBMAGCzuebm0k7uVAecyVvaxCgDHBh25XtPF3K5HBSLxRBAfKX5wfbLcJXxEH9UFIW8UCjAQYY1B/4XOIOP1Wr1HDLBgmgUecTf7Qf4C2kj+HVimC2aAAAAAElFTkSuQmCC",69,57
28,true,4/12/2024,28,28,Food - Prepared Meals,ghi,"data:image/png;base64,iVBORw0KGgoAAAANSUhEUgAAABAAAAAQCAYAAAAf8/9hAAAABGdBTUEAAK/INwWK6QAAABl0RVh0U29mdHdhcmUAQWRvYmUgSW1hZ2VSZWFkeXHJZTwAAAKrSURBVDjLfZNbSFNxHMcX9WLgQ1h0kXrp/lhQdjGIEotegiCKiiIjjSx88SEpzZRIpWKFnGmCOubAS1YkmZlpXnLedtrUIpdTJ9N53Jnb2cy55fbt9z9OmQke+Jz/4fy+3+//rgCgCOfik7qjRD7BE3bCSQwQKlb7Xx9ujCQ4wv9Jb0H/qIRh0Ycxz19YHdP4zI+C1UKayCUBIXOdtmkAc4EgrBLwpsuN6l43Ohw+eEkUIFiNaZh2IWQhgGMFlx/y4yG1ptmF0vYpGF0BBOkfNZAC8/VQCCcH0MchImBx+KHRiTCJ86JavReqLyIGpyGPYIJeHmp9jGCQBQSYV+69nuZX2yuhqNmOwiY7+qzA7wlAZ/LQdGbhmAUECpBoKM45wE3Uz68JxwIMRosL6rZJChCg+irgPS+hsnWQCWyM121meMg0RqMxTQHGsTkYLRKrG1iA+MP6h3oWUEjmVxTSafaw4jgRHWI8tTweN0v2oarHJdNnnWEacTFA1SiAa5hAfoMNXUPLA+6UHcejmku4ULAHZZ0O9IYFGAwjTnCNNtlcQekmMYgU7THc1RxGkvoAEor348Hb86jsfoHUqrM4pdwCfti1OAV5EduHvDAKwOgMYHYDyZoYvOM5VOvzZWN5txLKhlSodXm4pY1HTM5aCvjILW6jn7ZGoD365QT0NuAGzZeZn9enILcuGY9rE5FZcx1ZH5JQ0JKNK6Wx2PlwlX/JQbLTdhntQKsFuFy0FxVdSmg7nkHdnofibzkUchuqliwkak9jd0aUMzpNEbHsKFvdQXynEZwr2I4zL7ciTrkRsU/X4WrJEXDNmUjQxJN5s/tE1r31K14mfkTCT5sP/eOz6DG7cDA3CtfUJ7ErfdNkXHZG1LLbuMJ1ZvA70iO82+6vxoY0xZpw/T9xhOmhB93shgAAAABJRU5ErkJggg==",75,11
29,false,3/4/2025,29,29,Wearable Tech,abc,"data:image/png;base64,iVBORw0KGgoAAAANSUhEUgAAABAAAAAQCAQAAAC1+jfqAAAABGdBTUEAAK/INwWK6QAAABl0RVh0U29mdHdhcmUAQWRvYmUgSW1hZ2VSZWFkeXHJZTwAAAGKSURBVCjPPVFNSwJRFH1SPyR00V+xIqJVREIEUm6VFm1ahFvLiiI/oE1QRlQgUtgHlKhp41dlokVFpKmjo41M69MZlbi8d+Gec8897z4BoYcwREdj67fJsHqunkp728cjvToR/UoYs66I9og6OvjEA0o41FzeXWOfkB+6CZQIqajhGz/MRWQRh+dg3USCMNyvvbG3xVDQ5JFRJkXFNZZ8JNyZw1qbfTrUZuhwk1mihktbGRNxd45QqxvtroqMBip4pZcYHB4Rkhr44oh2H9bzJ/srHBLEYkoE1RZF5X8PLZ4qnmm3SqsOlQSpC1X6KhU+ssacwxlvW0ccSWnObOCdkK7ygUcSmijQ5BNsKeH1FMnOkK2wWOCtII9LDlCxBeuWCJh3tTynKVRJItG1meUOyqTMaTMT3KTTdwUNUYa+i3uCMvcSgR+2VTFAwo5xcz/EV6dps06VKLu/EMDUyeRw/7NcRoffqcXp+4I2X+DB9K/VbTH9/6Yey6MLfrtkV62d2cz8hmVcDPbqfy6NlFRFHkA7AAAAAElFTkSuQmCC",10,83
30,true,12/10/2024,30,30,Food - Vegetables,def,"data:image/png;base64,iVBORw0KGgoAAAANSUhEUgAAABAAAAAQCAYAAAAf8/9hAAAABGdBTUEAAK/INwWK6QAAABl0RVh0U29mdHdhcmUAQWRvYmUgSW1hZ2VSZWFkeXHJZTwAAAJeSURBVDjLhZNdSFNhGMc3z9lUREVnGmgzEZa7kGBe6kWYg26syz7uoqKgEOpiUjfdjALJiwmDYKSMburm7EInG8yNttm+UitwQm26sVgrcSPWvtf5977HbSyc9sB/73ne53l+7//snCMCIKIiIVYqlVM6nc6vUCgukZylexWxKpVqwmAweGgP3avN0Z8QWTxEAbMZ8XgcvuVlIQ9VRK83LRahtrG6WqtVDhaJafK5uRlBtxuxWAzbZP3IMDhoahK0JRYjuL4u1GjPVgVQcXcI+NLWBs5oRCQSAbe0hM2eHkS7uxHt6MCH1lZwi4uHNbLuNALsd3ZibWQELwcGYBscRFgux15/P3Z7e7FDQOb2diy0tGBFKkWcODoCSMtk+DE+jsTYGL6PjiJGYNHhYewRUJiAQn19+Epchbq6cMCy/wJ8Ph/K5fKxKpVKyOVygmjQPTpzLCCTySAQCCCZTMLv98Pj8cBCngINnuf/D6DDJpNJOLlQKCCRSMDpdAp5sVhEPp+H1+s9CqANVQjHcbVmm82G7dfP8f6mEraLEjiuyfFu7n5jQFVVAD3d8eIhPmkmkDPPgw9akHnzCIEH52GdZGdOBFD7drsd9utnkSXDWJgGZruAZ0PYn7sA6xSzK7zKFECG/tQDqKj9dDot2OY3ONRH6ulp2CZZXgDQe0ylUr8opP7PpA6y2SwcV8/g96tbABnKa0RIEkXvMbCqmW8CQK/Xw+FwwOVyNdb8DHx3ziE+O4SfjyUI3xZj7bIUFjXzRABotVo3+Yxxkt5qbmDlyiliWwLztAzGu+oUnf0LtxKkWPCjmmgAAAAASUVORK5CYII=",18,54
31,true,6/1/2024,31,31,Toys,ghi,"data:image/png;base64,iVBORw0KGgoAAAANSUhEUgAAABAAAAAQCAYAAAAf8/9hAAAABGdBTUEAAK/INwWK6QAAABl0RVh0U29mdHdhcmUAQWRvYmUgSW1hZ2VSZWFkeXHJZTwAAAJOSURBVDjLjZPbaxNBFMarf4cFwb9AIgXBR18Enyw+i1gs4g01kphSlPjQeAtNzNqGNLVpNCGhEvBS21Rr0ZIK6ovFiKbNbXNpdpNsstncUz9nNiauErEDHwMz8/1mzjlz+gD0UZGxh0hFNPAf7SXa3fUpAKparVZoNpvbrVYLvUT2YbFYTEqIEjBAzZIkoVwud1UsFiEIAjKZjAxJp9NgGKYL6Zh3UQA9UK1WUa/X5ZmqVCqhUCiA4zgZUKlUQC+xWq1tCAUM3v6+74hu2cH4eUz6OcwFcvgYEmUANYiiiFF3Aq5XHIJRCeqHLOJbFcg5OW6Mqm495fL2NznYl7OwveYxsZSF6QUHEpIc9+eQgOvuFL6EMjC6wrg4GZZfIwOGbazX8TaPY/qAr5Ms72oOBt8WknwVem8KWmcCY0/S0E1HcXYyhjNMBAYH2waYF8izl3I4eGLqmjLjz9by+PRNxCMS0k0C0c+yMDjj0MwmMOGJ4+Vqtg0Yn+dwf5HH/sG75/4uWzAiwbfCQ+dMYSGQxdhMHMPmMFY+8MgX623AiDu9+YAADg35LErzHU8SGkcSI4+T0DoSuGRnoZ5mcdIUwdC9zd85OHpjQzP+nMOVmZj4NSZBKNVh9LbN6xslnGai8CxmMP+Ol81criwntgugZTysDmovTEXEUVcKV8lt520s5kjJvP4MTpkjyApVXCZmvTWKRqMh6w9A5yO9Xy9ijUgZCi1lL/UEkMUf/+qDHtruAn5BDpAvXKYbOzGTsyW5exWAfgrZQTt3RFu//yfHVsX/fi5tjwAAAABJRU5ErkJggg==",57,26
32,false,5/19/2024,32,32,Food - Bakery,def,"data:image/png;base64,iVBORw0KGgoAAAANSUhEUgAAABAAAAAQCAYAAAAf8/9hAAAABGdBTUEAAK/INwWK6QAAABl0RVh0U29mdHdhcmUAQWRvYmUgSW1hZ2VSZWFkeXHJZTwAAADVSURBVDjLY/z//z8DJYCJgUIw8AawgIj58+c7A6lWIDYnUt89IC5MTEzcxAIVmKyvr6kpLi4C5jAygkkoG0FD2IwMr1+/VTp9+uJUIAdugIiQED/Do0cvGX7//gvxGxMTXBMIw/gsLCwM0tLCYD1wL0AAIwMzMzPD37//4YqRDUEYwAxkM6OGAcxGZmYWoAIGFA3oNDMziGbCNAAkCJL8/58Fp+0QS1ANYJw3b95/BQVZBj09bXjgIQIMxkelQeD8+UsM9+49gLjgwYPHYEwOYBzNCwwAGT0uf+Tb34kAAAAASUVORK5CYII=",4,48
33,false,6/17/2024,33,33,Clothing - Tops,def,"data:image/png;base64,iVBORw0KGgoAAAANSUhEUgAAABAAAAAQCAYAAAAf8/9hAAAABGdBTUEAAK/INwWK6QAAABl0RVh0U29mdHdhcmUAQWRvYmUgSW1hZ2VSZWFkeXHJZTwAAAKNSURBVDjLpVNLTxNRFP4GCkZK6QtftZVHaURLCHFBu7Cu0H/g0rhpdKEbjOlOEzCBjYmycS2kbggLWbHQmmho8GIw0YRWIhX6TKlFgvKYx5253juhBGIkMZ7kzEnOzHe/757zjcQYw/+E5V8B8XicaZoGSil4vSElk0lTgmEY0HX9UIqPDqYA+v1+9Pf3Y21tDVNTU4sWcYVwOGwCjgpVVTE5OVnq6enxZDIZzMzMrPIDn1kE8/LyMqxWKwqFAjweD7LZLHw+n9lvb2/H0tISurq6YLfbPfl8Hul0WhwYjcViCUskEpESiQRramrCxsZGiL8g1Wo1pCgK4TJDsiyTcrls1lKpZPa3t7fFdYpCWZ14iPs1NzcLFUQw22w2Ipg5IxHMTqeTdHd3w+VykWAwKIiEgoLASrU1Tk9Ps4GBAfCholKphARYMAtwsVgMrbhfkh26iZB+B7lcDkNDQ9K+AhFc0oNUKoWOjg6TORAIwOFwmMxut5vwvcDbegGv6GPBvm8e6aCRJiYmWG1dadsLMEODalCovOdxBdDrvYz51Tf4XCDYpUrdu/s/mPQ3J96Nh9nV4E3ojPvD0GGAobxZgNN6EnPfXmMh95bKVG00nTg+Pn6es97j7LcEu0jZpZrg7PpXaFwF5Wo0XcNP5Rf6fBFsaTsWsjIr1+2Z5Ho0Gr3N6yDPLD9gUKYyqE5xquUcTre04Yy9Ew31x3HCdhYf80kkM7NfdlQ4LHsDxNjYGPN6vaaBuNOekE0Fz+f4wAwVXCr8rRcR7ryGD9lZvE/NqzLQVxphyqEZjI6O1n6UweHh4acHZ9L7qHHrUtsV68LiJ6zXV49xsPrHFo6KzofSd92ob9019IbKCKO1/m/zF57K8A8dwwAAAABJRU5ErkJggg==",2,90
34,true,6/20/2024,34,34,Books,def,"data:image/png;base64,iVBORw0KGgoAAAANSUhEUgAAABAAAAAQCAYAAAAf8/9hAAAABGdBTUEAAK/INwWK6QAAABl0RVh0U29mdHdhcmUAQWRvYmUgSW1hZ2VSZWFkeXHJZTwAAAGeSURBVDjLxVNNS0JRED3qA0MRoqCFouBGN9Yia9HGRa3b9x/6M62jf9CuTS0EV0arXASG0gcUYWIgmvi6792P7sz1WUI7Fw0Mc70z59wz88aYMQbLWBxL2tIEXrN5+mcPWkvrBsZQVNYDSKmglLTZ0J4lwjCER8XZ7OYcSDMxRs/cEdCZSKKoNeUU7u/rjoBMiE8GuKQrcCA1A0XuFK2sZKwC3xE4Zo1UahX5/Dam0yH6/Q4KhV17H+Lu7gKVyiESCQ/dbgPD4QvfSykQlzKcMxP4+fnGJr4seAdPT01MJh8oFve4uNOp20fWQBilQqvAEtBQqE+6IBuPe3h8bML3hyiX95FOr6HXayOT2UCpdIDR6I1r6VF6KK61z5N1ROAkvdBuX+H6+oznksttodE4wevrLbdC8h1GwCMZJF+pgIdSrR6xtCCYWLnrnBuP31GrHfN5MHhgcDRUj3pzbAFarfOFSUf++4tEA3dRwhNCsKRkMv2r+Oe7R7+jvbArNotu/6wC3/Z7yX3TdhkjbDS8eUTi5EoGuLhosX//N34Dm6aVPfzbYjIAAAAASUVORK5CYII=",92,38
35,false,7/1/2024,35,35,Food - Breakfast,abc,"data:image/png;base64,iVBORw0KGgoAAAANSUhEUgAAABAAAAAQCAYAAAAf8/9hAAAABGdBTUEAAK/INwWK6QAAABl0RVh0U29mdHdhcmUAQWRvYmUgSW1hZ2VSZWFkeXHJZTwAAAIJSURBVDjLpVM9aJNRFD35GsRSoUKKzQ/B0NJJF3EQlKrVgijSCBmC4NBFKihIcXBwEZdSHVoUwUInFUEkQ1DQ4CKiFsQsTrb5xNpgaZHw2Uog5t5zn0NJNFaw0guX97hwzuPcc17IOYfNlIdNVrhxufR6xJkZjAbSQGXjNAorqixSWFDV3KPhJ+UGLtSQMPryrDscPwLnAHOEOQc6gkbUpIagGmApWIb/pZRX4fjj889nWiSQtgYyBZ1BTUEj6AjPa0P71nb0Jfqwa+futIheHrzRn2yRQCUK/lOQhApBJVQJChHfnkCqOwWEQ+iORJHckUyX5ksvAEyGNuJC+s6xCRXNHNxzKMmQ4luwgjfvZp69uvr2+IZcyJ8rjIporrxURggetnV0QET3rrPxzMNM2+n7p678jUTrCiWhphAjVHR9DlR0WkSzf4IHxg5MSF0zXZEuVKWKSlCBCostS8zeG7oV64wPqxInbw86lbVXKEQ8mkAqmUJ4SxieeVhcnANFC02C7N2h69HO2IXeWC8MDj2JnqaFNAMd8f3HKjx6+LxQRmnOz1OZaxKIaF1VISYwB9ARZoQaYY6o1WpYCVYxt+zDn/XzVBv/MOWXW5J44ubRyVgkelFpmF/4BJVfOVDlVyqLVBZI5manPjajDOdcswfG9k/3X9v3/vfZv7rFBanriIo++J/f+BMT+YWS6hXl7QAAAABJRU5ErkJggg==",46,43
36,false,6/14/2024,36,36,Food - Breakfast,ghi,"data:image/png;base64,iVBORw0KGgoAAAANSUhEUgAAABAAAAAQCAYAAAAf8/9hAAAABGdBTUEAAK/INwWK6QAAABl0RVh0U29mdHdhcmUAQWRvYmUgSW1hZ2VSZWFkeXHJZTwAAALhSURBVDjLfZHtT1JhGMbd+kPaNElNnCHqARQ4TmnjRYRVSPk2hShMJ5IK2hQxdDqxZBnVkuYLpgg4TaeuzElutdXogyw/NNeHvrg258t0mCuuzmHLomVnu7frvp9rv+e+nhMHIO6kEsxzIZjlkLTO9Wcrc7xZ4b89MQ35gpfwZ8+fIZA7lT2j7yuM501karlj7L3/AoT0jXOcW7/6HF/2Ic+TtXWtTeQu6uSGuYMZkWIDr/tEAP85sZM7TRxGV/YSu9zxTHDcbHCG2GgN1CPwZQqm3nLItKyGfwKonGTOZBb4E8SOxFsAX8iFhfVR9L22gXk3CeXzcnjeOnHenor07nNIs6VQt04Tu1TO4+xUzojAzcF48B7uLFaiZaYYjTMV4DsJMLuTUTmqQn4R49PxBlTOIyonuM8yh/lu4utlXxHc7+2wzJXB6JOjdCQPao8CE+8eY2C5D2kdyeCpE6diInBG2W+IoQwQrgx4P9xH62wJ6r2FKB0ioRorxMMVG4zjKjx61QlmawpSzIz95MbEmpg3IJ5kHKonlOh9WYM6jwwlT/NwcViKB8sdqBlRoGrwAgXoRkoTA0nGM5GzdQlg3Iz//YDZA6yD675K2BcaUNV1CdaudrhcLjRbmqBxyNExaUBze3N0ZrPZtvV6fUNiVYL1GMB1ZHaxepjQ3q5Af38/Njc3sbGxgZWVFbR3taG6RY/Qx1B0trq6GvVIpdKemN/I0qWHao21CK6tQWMog0QqgVarhcPhgNlsjmqJRIyiK/J1GmI0GndiASxWj8Vq+UEDal06kPkklpaWEAwGEQgE4PP5wBfyI/FXT0e3sFqt4RgAk8m8odPptmmASF0QEeYJIRKJoFAookVrkiSPlErlIg2gvTGAZOqTyWTrdrt92+PxbPn9fjidThgMBphMpqimZ/QZ7aG9MQAGg3FKIBCki8XizxqNZr+6ujpM1Td2Met7mir1gNJ79Iw+oz209ye6Km+xbu69pwAAAABJRU5ErkJggg==",78,59
37,false,10/22/2024,37,37,Food - Condiments,def,"data:image/png;base64,iVBORw0KGgoAAAANSUhEUgAAABAAAAAQCAYAAAAf8/9hAAAABGdBTUEAAK/INwWK6QAAABl0RVh0U29mdHdhcmUAQWRvYmUgSW1hZ2VSZWFkeXHJZTwAAAHtSURBVDjLjZNLS9xQFMe138C9A/0OynyBUjeFQjduROi2MMtCEalS0ToLEdQMdEShoKDWRymKigWxII7PhaB9aBFUJjHJpHlnnvbfe27NJcVIDfwIyT3nd885cOoA1BHsaWQ0MZL/4SHjgciLCJpKpZJVrVava7Ua4mDnkCRpKCqJCpKU7HkefN8X2LYN0zShqiqXKIqCTCYjJGFyPQkooFgsolwu8zfhui4sy4KmaVwQBAHokmw2+1cSClpSUmr12MP7LQunii8klOA4DnRdv9USn0koePRiJDW+aTGBjcOLgAewlnjfYSuFQoFXIsvybQF9jG2avIKFPQtzOyZmcyZMtywkVAnNwzCMeMG7jV+YyFmQ1g30L2kYWitAWtZFJdQOzYREsYLhzwZGGF+OHez/9PD2k4aeeYUHVyoVPheSELGCwRUdA+zG/VMPeycu3iyo6J5WxDxIQFA1QtCauUwPrOpIPh/vSC+qSC/qPHn3u4uu2Su8nsrzZKqAoOR/BO2j+Q+DTPC0/2CdSu79qOLVlIyXk3l0zsjomJYxv6ELQYgQPOk7a2jpOnmcaG57tvuD3fzNxc5XB9sEm0XuyMb5VcCriBI7A/bz9117EMO1ENxImtmAfDq4TzKLdfn2RgQJktxjnUNo9RN/AFmTwlP7TY1uAAAAAElFTkSuQmCC",19,55
38,true,1/2/2025,38,38,Garden,ghi,"data:image/png;base64,iVBORw0KGgoAAAANSUhEUgAAABAAAAAQCAYAAAAf8/9hAAAABGdBTUEAAK/INwWK6QAAABl0RVh0U29mdHdhcmUAQWRvYmUgSW1hZ2VSZWFkeXHJZTwAAAJsSURBVDjLfZO9a5RBEIefvfcuucRUanGiJkYjiNoEET9II0gUsRC0sbASO1G0MVhIiCL+BdoJYmOnjYWJQsA0QRBRYkBUJESJ+dJLzvfe3Z3dsXiTS6LowDKzC7+H3ww7RlUBCJcuKrv3IkNDqAgaAtF74lIuHT+OPh9m3YtnhlVRXC5Wi3SVMIrkdxHUef6MFYAXVIRoLVEkB4k06uI/AIUGwHnUWujoIFhLtJZgLSHLMF1dxLSOOvcfB84PmLnxG837a7QcaoJisvRukDTDvRojOD/wT0DTyYlJpFDze8612aZ2QiigkmEkpVSfoFx4VDOHw+SfAKOq6MODB8A8cd3XK9Y1E9OfSPYL9RkqDkxCc9nQ+uHeFF5PlS6Pja6dQZA+2XW+YqWFkFYJLheqd8QsRaqzpPNVsvbTlbgY+v4aokbp8eu2E+uLuVAciCd6i4oj+jqyMEddWsGGnr9nEHV91AT1GVEcGjxRcnFwea5+GqP6Ypxsempj6C1OAHd7B+XO0hA1/0TiG9YbJziqn8eJUmPfuSs0d+6h/nZw6/uXQ7eGjpZ+LbWg88bXIIa11sWi3jEzNsrOI2cofxrGPDhL6+fHbOvYkKjRK7mD4EeK1fFTrriZGNwa6yqOWKtRrnTCiasrvfdvIolmW+6gHu8UX9+fKpmUQqkMMaIh3wlUMW2tpG+eQv8m7DXDj2uGhe8zhES/meVtdDe7LiAMuO7TlaxpM0EialPwKdV3wyzMTrNlg1AsTLI4I3z5ngSf6Y0GACDr23Eg1qQPH3uimvUEUDXzURj5KHybm/16IgmmIyT6VeHesUG5/Rt5eNFI8xvNdAAAAABJRU5ErkJggg==",70,78
39,false,3/6/2025,39,39,Food - Frozen,ghi,"data:image/png;base64,iVBORw0KGgoAAAANSUhEUgAAABAAAAAQCAYAAAAf8/9hAAAABGdBTUEAAK/INwWK6QAAABl0RVh0U29mdHdhcmUAQWRvYmUgSW1hZ2VSZWFkeXHJZTwAAAIvSURBVDjLpZNPiBJRHMffG6aZHcd1RNaYSspxSbFkWTpIh+iwVEpsFC1EYO2hQ9BlDx067L1b0KVDRQUa3jzWEughiDDDZRXbDtauU5QV205R6jo6at+3lNShKdgHH77zm9/f994MHQwGZCuLI1tctgVKpZJQLBYluxj6ty3M3V+alfvNG1Efzy03XGT9e3vu+rkD9/5rAiTPiGI/2RvZNrrSkmWL52ReGNw9f+3hzD8LIHmC9M2M4pHI2upbEqD18tdPnwmzOWJlpi/fmrAtcMrfnld5k+gvdeKTrcXT07FJxVovMHuMtsiUv3/xjzOoVCo3Lcs6DEi32xVAIBKJ0MzCY3My6BN1XSeqqpKnperGiamDUi6Xa3U6nTemaRLoGodEy+v1hlEsjBdXBEGg+Xz+2fgORazVamclSSLVavXMnjGHlM1m78iy7Gi321dDoVAYRQK0UCiMU0pfN5vNXShggH2gDud21gloeNahO6EfoSr4Iopi3TCMBS4aja40Go1vmOA9Ao7DsYgORx0ORxkadzqdS9AYdBn+uKIoTI9omsa28GTzO3iEBeMCHGyCIPQDdDd0lU0AaswG7L0X52QAHbs/uXkL6HD7twnKrIPL5Sqyjm63m00U93g8JdjHoC9QJIYCdfB8+CWmUqkuHKMI8rPThQahr8BeUEWwBt4BFZ33g0vJZPIQ/+s+kcCDDQSTn1c0BElD2HXj0Emv13tg+y/YrUQiITBNp9OdH302kDq15BFkAAAAAElFTkSuQmCC",16,62
40,false,8/3/2024,40,40,Food - Baking,def,"data:image/png;base64,iVBORw0KGgoAAAANSUhEUgAAABAAAAAQCAYAAAAf8/9hAAAABGdBTUEAAK/INwWK6QAAABl0RVh0U29mdHdhcmUAQWRvYmUgSW1hZ2VSZWFkeXHJZTwAAALvSURBVDjLZZJdSFNhGMf/5+zo2pyb5cdyxXRNW2WkhhJGXlReFEZEBV0UVARBIAiCXnojdFE3QUQR3k6iC6GIoK+LMDNBaVpOW04by/yYzuk8O9v57DnHJqteeM57zvue5/c+///zMpqmITv6+vpsqqp2KorSRLGDAhRxiiFZlu+2t7dv4J/BZAF+v7+OkvtdLpfHbreDZVnQN9LpNGKxGGZpEOh8V1dX4D8AJdto87PX660SRRHRaBQ8z+ung+M4OJ1O4+dgMDhNa4e6u7uFLIDTH7R4q7y8vEqSJIRCoRkq9wSt/dIBgiC4EonER4/H46qtFKqqmXBq+vlt8MvvwaTnrhoASmiyWq0Ih8MgyJm2trZITpWRnp6eFmbtbbChuhiWkitweOqRmPVh6nXvnSygVNecTCb199l/jbpc56+3ey7BXtSAeHgS+YyIQvtO2IrdDiYycF0bCvuwuGYxNJ+tGYFJk6ApMjRZJpPWUVTVDMeeU8jMP4GwwmDpWwpSWlxJCxtHOZCJFy8cBwMWjMlC82lAZcidbUjFhpFJBODwtiI99whsvow8WwXM/BhSfH5LY8ebEKefBGiQl5+CM5eAYWwEyMPCHClhVJQdPEfJD8HmyRDXPVgZHEWaX8LhjkmjnaxeJlS6C4qIxMQoEsERLEQmsRrPoKymFeJCL0z5GjLrFYgNfILz5DWoUmrLHwJI0GVoioQi314siSziCQskzY35L/dBVwl8fBeWB4ex3cuAK7BDk8QcAPVe0xSqQMLq1wDGxn/gwLGbMEc/IPRsEIFXcUy9fAfWtAaWU6laFXrOXwBotEgSiqor8X1mEeLEC3hqm1FQQN0Zn4LviJtOL6auiIbcXABnlENUVdY9mMBEaB73Hj9A475KWEvNaNrvIx9+QuKTKHRT+STKkJ0L0CWYd9+ApcIEf4vZaCHZTmCSJgpQhCQpzFChyqZfuvFbADGDmf5Ooyx9Q6dvhrw10w3bvFiKsvmug/6M39LTvtXHnYlaAAAAAElFTkSuQmCC",30,76
41,false,11/24/2024,41,41,Food - Beverages,abc,"data:image/png;base64,iVBORw0KGgoAAAANSUhEUgAAABAAAAAQCAYAAAAf8/9hAAAABGdBTUEAAK/INwWK6QAAABl0RVh0U29mdHdhcmUAQWRvYmUgSW1hZ2VSZWFkeXHJZTwAAAIOSURBVDjLpZM7aFRhEIW/m73r5gWB9UFEzAMsjIIIgkViFzFgJbHR0kqI2Ahi7KzsrEWwCQZsBFFIExWCqJWKClppEDTxEVCym73/a/75LW7AFIksOOXA+eacA5OllPifyTdbTt9dSVEVLxCj4kVxosxM7c3aAjivHNvfjaiiCSQmHrxstO/ABMVHZWVVCDHR11VhzWj7gJYRvCg2KBITLu+gaWRzQLp6uWxRlRSEFIRi+ArOJ2xIBFE6q5GGjf9wMH4cVMliJIuR5lvFScK4SIjQVU00toqQgpCJwOtXIAEOHWbNeGxQCl9GsNsyxIQtAM6XAGchCARh1SVcUIxTQkz01hRtKRefnEvBC94Hgg04F8jVOjpEwDoIAbxnraVYnzBe8bHs4pTc4/TMU+LyF6Rex41OcLv2jVzN+mXnwHsQQUwoHawD9n28w9jgAgfGL1AbPoh5N8+HZ48ZwdChhS2FxoC1EALaUqwvAcYre97fYmR8ks5PC2QzZ+levM/QQJ0jn7+Sp8LAxggiqFHMBgd9zSU6+4fh5KW/5V3bTb0I5FqYUjg6BjGCCMkIXhL9fVVEodGzi+LNHD0Pp3DmOwXQbFT4XcvJb9ROoLM/SU5IIZJCRHsjc7PL4JUUhZ3bJ+l/Mc/Qji7ySpXmirD4o4NH7ihZu+/8/MzAdOvX8vlKzAZjJS0luDkxL9f/ALqCe8YKiajkAAAAAElFTkSuQmCC",40,67
42,false,12/30/2024,42,42,Food - Bakery,def,"data:image/png;base64,iVBORw0KGgoAAAANSUhEUgAAABAAAAAQCAYAAAAf8/9hAAAABGdBTUEAAK/INwWK6QAAABl0RVh0U29mdHdhcmUAQWRvYmUgSW1hZ2VSZWFkeXHJZTwAAAJrSURBVDjLlZNbSFNhAMcXZ3uTIJ+iMLK0CBkqmXlJicR8SB9rY62C8sGIHgrKCqIIKkgrKJPCC6hRKd0sLacrjQVa0kO6i5vOacdd3MW57Zw5d87Ov2/HECMtO/DjwHfO7/d937lIAEiWw9tbQHm0e/Tu7jydqyuXWuk+yUoXiPwgoL+O2e/X4OzcffK/AkROnO7OC8aiAUT9Bjje7PJNvdqZuOrAtCavIzhSA4EPQYg6MTt8F/TzzNpVBYic4XqfE0NsHvPTNYh6GknEi8nWdH7iiTzjnwEi6xlbK/F9MLYUivCsHgFTM8Zb0nR/Dbje5ah8A2cAYR7M2FEYmgtFGLMaAueDvacCo/XbVMsGiJzg6Mj2zrkHEIs6wFiOwNBUIBI0KcCH+sHQfTA/Spkaqd2S8EfA8Ta7bXaomszkRsRRQwJqWNtLfgUOgR1VIxYZh7PvMvR3km7+FiByir09ixO4ELigDuExtRgI28rhGVQgaDyI8fp89B/bBG2RDNpSmaAtk1UtBuyvs74GTA3kwTkRsVchPKoigcOLW7DW5WPoXC7mOm9DMHaBfXYWg6fkQneR9HRcPuDqPU7eOUM+mk6wFqVIaITMbFKS2ZX4pFyLMJFxrwyoXAfcSIbn1l5o9lMuCf0ik2bpj2JA4PyEmQV4/wJkLL5s4dtLLD38V9ZDu08KyY+29OaJp3LYHqfB2rQDY43bYalLhfnhVhjvb8Zw9Ub0lMrANJwAiBQ5L8EMYbKCgqaEYlf8mZaiU2y4+qU8lXNUJsN9UQZr+Rp8KJPyXcXUpVUF4nxWJF3QFFM2smyBnOm4HB//CRnU6d05um8NAAAAAElFTkSuQmCC",53,44
43,true,11/4/2024,43,43,Kitchen,abc,"data:image/png;base64,iVBORw0KGgoAAAANSUhEUgAAABAAAAAQCAYAAAAf8/9hAAAABGdBTUEAAK/INwWK6QAAABl0RVh0U29mdHdhcmUAQWRvYmUgSW1hZ2VSZWFkeXHJZTwAAAJvSURBVDjLhZNNSFRRFIC/N++9eWMzhkl/ZJqFMQMRFvTvImkXSdKiVRAURBRRW1eZA9EqaNOiFlZEtQxKyrJwUS0K+qEQzaTE/AtLHR3HmffuvafFNINDWGdz7z2c7+Nyzr2WiFAIffaMBDW1+B0diAgYgxiDiCDG4DU1QfcLos+fWAXGYUGIUsXiAliUFER+sBAhVCIIVB7QGtEat1oTbcwVz2LMfwR+gPg+oY0bEa3x6sHdUoVdniMUj0M2i/j+PwVJa2QUu7YWp34D7mqNWdNApD6Ks24dpvcL4gfJRQXevbutjI4lGRzCS9iYukPo5dvxVqWQvn6k/2uyoudd60LGEhG43VBGyI4j2ADZ7vDJ8DZ9Img4hw4cvO/3UZ1vH3p7lrWRLwGVneD4y6G84NaOYSoTVYIFIiAGvXI3OWctJv0TW03jZb5gZSfzl9YBpMcIzUwdzQsuVR9EyR3TeCqm6w5jZiZQMz8xsxOYzDTi50AMVngJNgrnUweRbwMPiLpHrOJDOl9Vh6HD7GyO52qa0VPj6MwUJpNC5mYQS/DUJLH3zzRp1cqN8YulTUyODBBzt4X6Ou870z2I8ZHsHJLLYNQ8jusQ6+2exJf9BfivKdAymKZiaVdodhBRAagAjIbgzxp20lwb6Vp0jADYkQO6IpHfuoqInSJUVoE2HrpyRQ1tic2LC9p3lSHWPh2rJfL1MeVP2weWvHp8s3ziNZ49i1q6HrR1YHGBNnt1dG2Z++gC4TdvrqNkK1eHj7ljQ/ujHx6NyPw8BFIiKPmNpKar7P7xb/zyT9P+o7OYvzzYSUt8U+TzxytodixEfgN3CFlQMNAcMgAAAABJRU5ErkJggg==",11,93
44,true,11/14/2024,44,44,Home,ghi,"data:image/png;base64,iVBORw0KGgoAAAANSUhEUgAAABAAAAAQCAYAAAAf8/9hAAAABGdBTUEAAK/INwWK6QAAABl0RVh0U29mdHdhcmUAQWRvYmUgSW1hZ2VSZWFkeXHJZTwAAAMtSURBVDjLVZNLa1xlAIafc5szk8xkMkkm5MKY2EpT2qa2MTVCmoLS2gq6EKooimAW7iQb/0I2bgTRIog0oFW7KQpCS7VqrSmmJGlSQtswqWlLLmbGmcmcZM6cy/edz00r6bt8eXh4N6+mlGJnxiZHR4APgSNAFjCBKjClInXm05Gzl3by2mPB2OSoCUwAp1/LHbcziSyO24gbgJAegg2urF8UUsifhZBvfvXK99v/C8YmRy3gt8G2/cMv517E8Wx8ApYcjZiyKbkRSgQkcFn3rzG9Nn1LhOLYt2/8UNUfLZkYaN0zfLRrkLIMCHUNIXTqIoZLjLJvU/ASrFQtnko+z2BH38HAD78DMConHh4FPn5nz6vGgqyxTp16JNj2kpR9C8eD/OoW1VoNO1NCS+d5oW0vV27f2PX11MS8MTR6+JOTXUMHNCPBui5AtdMpk8xsGNQ9ndur20TxCnbPIn5TnmJUwaxIDrTm9Jn7d1tM4EiuqZs5d41iXGefsZsIwYNCgOfVSXconJbLLEWb4CuahU2+6HO8d4DQF/0m0NpgNvLAXaPgu6QadrEZpKhUItJZj/aMS1EewvHnsdUWW/+WKG82kEykCAPRbCqlNE1B4DsocpiW5OJfIVoiyfqSQFdNdGXrpLZGcFZDPKYJg2VQCiGEZkoRlZ3A6W41mknFn2WlaOKFFrG4Tbw9wb2/S3g3miHySLdbNDd2kzYKVGpVpIiqugjF7P3yQ55pyLFWmCSyVokZPqHnEoYmsWQGuyWOGdexNIkRFOnqbGN5bRngjh4G4rMLd6+KnmQW012lWrpOJuNjCh9LU9i6gRkEZHIrpNv/QK8vcijXz5lfLijgS+PmuYV75+fPDXr1Wt9znfsouy5x+2miuoltW1iawBJV0o0/wT8lBvbv5WZ+gaWNlasz43MfmQChH777e37uT78eHDx5+BiLBROjqhDaFmGkQ1KS6+mlr7+XX2evc+nWVB54+4kznfr8pZQIxXkRyhPvDb9vIjtQqgFN12hLO2yUZ/ni8o8SuAa8NTM+t/GE4HGGx4del0J+IGXUH8ko86iuAneAszPjc9/s5P8DuO6ZcsXuRqAAAAAASUVORK5CYII=",14,21
45,false,1/18/2025,45,45,Pets,ghi,"data:image/png;base64,iVBORw0KGgoAAAANSUhEUgAAABAAAAAQCAYAAAAf8/9hAAAABGdBTUEAAK/INwWK6QAAABl0RVh0U29mdHdhcmUAQWRvYmUgSW1hZ2VSZWFkeXHJZTwAAAHkSURBVDjL3ZNvT1JhGMafb3G+TQqKECNFRIEDcvgXmB5IPNJmTdbC1SQ0S1xzZKXyT41TdpCOMyYtiXS9aW2uD8EbPsHV87RRmyLrdc92vbt/1/U8930/ZLYxASbpSwgz9SCin2+CHtJJwYoLgbITvvcOeN7a4S6NgTB45+cmCucvu8JMFOZCZQHpr0tYO12Ga9cKwpJz5xvIfH+GR2dxRGp+uSOs8Jxv39GKV+/gYS2OlXoSfNECMnMSRKw+hdS3BLI/Mlho3MPUR88lE+++ozlfjWG1kYJUCcNRsMCWM4NM02vf/hTgwsf+1uLpfTw4mcOtQ0G9aCDINiWmRiAdiAz+HTC6Nfi3QKx6uckjT3Pi0K1c1QPnzojahtsi3Zr2L/rfDGin5fE3o+pVxeYXRmVw3dA0Pddzfwz8Co82LFVERMuTbEyXJjGUMaqBgoBQ0Qfjmq5lWO3n9E/76IK8s4PCYHCytoDZgwhsWXPzosGNdYPszY1jTonBnxVgSuuhe6KhyfRDJGsJ3P0gQSqLDG7RBeE6PeF6Wie7X/MI5N2YLonoX+oFce1ZsXicQOJoHs68FdbNznBbAytaREthSHIE2lQPCF8cgT0/jLHtIQbD8sqEbrBuWYM+mqx93ANN8hp+AQOPtI0tirA3AAAAAElFTkSuQmCC",44,79
46,false,12/20/2024,46,46,Pets,abc,"data:image/png;base64,iVBORw0KGgoAAAANSUhEUgAAABAAAAAQCAQAAAC1+jfqAAAABGdBTUEAAK/INwWK6QAAABl0RVh0U29mdHdhcmUAQWRvYmUgSW1hZ2VSZWFkeXHJZTwAAAC4SURBVCjPdZFbDsIgEEWnrsMm7oGGfZrohxvU+Iq1TyjU60Bf1pac4Yc5YS4ZAtGWBMk/drQBOVwJlZrWYkLhsB8UV9K0BUrPGy9cWbng2CtEEUmLGppPjRwpbixUKHBiZRS0p+ZGhvs4irNEvWD8heHpbsyDXznPhYFOyTjJc13olIqzZCHBouE0FRMUjA+s1gTjaRgVFpqRwC8mfoXPPEVPS7LbRaJL2y7bOifRCTEli3U7BMWgLzKlW/CuebZPAAAAAElFTkSuQmCC",65,30
47,false,8/18/2024,47,47,Food - Condiments,ghi,"data:image/png;base64,iVBORw0KGgoAAAANSUhEUgAAABAAAAAQCAYAAAAf8/9hAAAABGdBTUEAAK/INwWK6QAAABl0RVh0U29mdHdhcmUAQWRvYmUgSW1hZ2VSZWFkeXHJZTwAAAJvSURBVDjLhZNNSFRRFIC/N++9eWMzhkl/ZJqFMQMRFvTvImkXSdKiVRAURBRRW1eZA9EqaNOiFlZEtQxKyrJwUS0K+qEQzaTE/AtLHR3HmffuvafFNINDWGdz7z2c7+Nyzr2WiFAIffaMBDW1+B0diAgYgxiDiCDG4DU1QfcLos+fWAXGYUGIUsXiAliUFER+sBAhVCIIVB7QGtEat1oTbcwVz2LMfwR+gPg+oY0bEa3x6sHdUoVdniMUj0M2i/j+PwVJa2QUu7YWp34D7mqNWdNApD6Ks24dpvcL4gfJRQXevbutjI4lGRzCS9iYukPo5dvxVqWQvn6k/2uyoudd60LGEhG43VBGyI4j2ADZ7vDJ8DZ9Img4hw4cvO/3UZ1vH3p7lrWRLwGVneD4y6G84NaOYSoTVYIFIiAGvXI3OWctJv0TW03jZb5gZSfzl9YBpMcIzUwdzQsuVR9EyR3TeCqm6w5jZiZQMz8xsxOYzDTi50AMVngJNgrnUweRbwMPiLpHrOJDOl9Vh6HD7GyO52qa0VPj6MwUJpNC5mYQS/DUJLH3zzRp1cqN8YulTUyODBBzt4X6Ou870z2I8ZHsHJLLYNQ8jusQ6+2exJf9BfivKdAymKZiaVdodhBRAagAjIbgzxp20lwb6Vp0jADYkQO6IpHfuoqInSJUVoE2HrpyRQ1tic2LC9p3lSHWPh2rJfL1MeVP2weWvHp8s3ziNZ49i1q6HrR1YHGBNnt1dG2Z++gC4TdvrqNkK1eHj7ljQ/ujHx6NyPw8BFIiKPmNpKar7P7xb/zyT9P+o7OYvzzYSUt8U+TzxytodixEfgN3CFlQMNAcMgAAAABJRU5ErkJggg==",32,96
48,false,7/31/2024,48,48,Food - Dairy,abc,"data:image/png;base64,iVBORw0KGgoAAAANSUhEUgAAABAAAAAQCAYAAAAf8/9hAAAABGdBTUEAAK/INwWK6QAAABl0RVh0U29mdHdhcmUAQWRvYmUgSW1hZ2VSZWFkeXHJZTwAAAINSURBVDjLpZPNS1VhEIefc7wXTNQopKTM4IKRaB+GliQtKgpau3NjRcsIzEW1EQIR2kRUUP9AtHFhi4rAqKBCUDOEkDIQPzIIWpjX7jnvO+9Mi3uvUBAIDgzMDDMP/JiZyMzYjMVs0jYNyDDc9h8NCl5BPIiCdyChWAuAM0ghA0BTzz+z+rcHhRCKsQ+lWODN4xIAYHUZVLFQahDBgoAXTHwx9x4TAfFkd+yHgpUBBmbQfoMoW4N9fIiFQHzoEkiB8LyP+Nwdomwl8uoWtjgF3pcAIkVtppCtxcZuEnUOEIUUnXgAQYmPXqb/WQ/5NM/dg/3E85PrgBjviwA1iDNQvRdUsJUl4uPXidsuorMvSILQUNfM+fFBnAqIQGpkKCRFfapEQNTai319St/UfUwdzgJOhF3bmmiuP8Zqskb30hgjfjdbUiNDWqKpgnp08h5xx1Vk8jZnWnoJpgQNKMbyyiIHGrrIuwInF0YY1SoyFAxSDyg6egVECE8ukIgjmDL/cxavgqjHB8+vdJXDe06Q97/pOPK2BPCeKFQSlVcYAokkSBB21jYiGgimfF9ZYHt1PR8W3zEzN87w9FYiu1ZveFu/LIKBg+6uahLncOpIxJGra6Ezd5aJhfdMfxrl0UwN+5IKoo1+Y+tgvNbeeKrq9ZeX35xyennIPgMbB+QGorWgFVUFDbkfQzZXrv8BKB9RM6Fzq8AAAAAASUVORK5CYII=",51,92
49,true,3/18/2025,49,49,Food - Oils & Vinegars,abc,"data:image/png;base64,iVBORw0KGgoAAAANSUhEUgAAABAAAAAQCAYAAAAf8/9hAAAABGdBTUEAAK/INwWK6QAAABl0RVh0U29mdHdhcmUAQWRvYmUgSW1hZ2VSZWFkeXHJZTwAAAKGSURBVDjLpVNLaBNBGP5mdpNsHptH25i+0toIRRAFD3rxqCjowaPtzYNYvIleehE8iHgTBO1BBCl4aG+CxZIeWqrFBxVEUXpIwZqmsWuyaZNusu9xdlPxcSp04GP/Heb75pv/QRhj2M+i2OcSbz1+Ny9F5OOVhhXd0W3qckMuGBweuNydw+G67f9dMBDHsprbleJKoSCmU4ns2MXhuGExIoWEf9TJ/zFpf1uGLbQMp3f0nqFTpW7nTNslz+bLKFZMaAbDWtVFUXWxvuWivO1CaTBUNAbLAdarJh68KKOmGVROZw9RzXBIKEDR1xNH/oOCrR0LmThBgJsJCgRB0QOQDBNU6yamX28i2RFHZzLke6JN3fYt5rpj6M/EMbusoNaw0BWjPjHIhRISgdrwyAq6OuPI9cVAdotHNd1pZ5MfzPXGkE5FMLVQ9AkeUeao8nhyrohEIuKfCYt/lVFrtR0Qnh3bsiGJLgb6kph5r2C9ovt4/lZBlu/JQQeU2b6z35kVm4YDz41p2thUG8hmZASDAZRVCa9W6n6jDGdTSHx8Cm3uIcxSAXpnL8oXrgLsjCdgM15bolQ5OS0jLAXgKQ4diGCAwyublp8APk/h5KUrCA0dQetTHl+XpnGU1ZioqaVvhmkPHu4Pk1iYEkId/1bvSYS0O2H55X2cGL0GaXUBWLyDSCKJg9lBHFuYdERz5+fa6euzqZAcjYohgYg8m5SXT+AqlBJQ/t6bG2ui1D0EnL/xp4Vv9yCp10Syl2HKnxWLp0Yu90e/z8Bo/UCT7zXqAlZWUdrTMEU6Mk++vFm0y3oYdSGAmkpQKBGHX/2I7HWcl0YGxjV1Y0xwyKAjsBJnTZzL23d/AbqhIfYa8w35AAAAAElFTkSuQmCC",61,73
50,true,1/10/2025,50,50,Electronics,def,"data:image/png;base64,iVBORw0KGgoAAAANSUhEUgAAABAAAAAQCAYAAAAf8/9hAAAABGdBTUEAAK/INwWK6QAAABl0RVh0U29mdHdhcmUAQWRvYmUgSW1hZ2VSZWFkeXHJZTwAAAJDSURBVDjLpZNLSNRRFMZ/f53UUoc0SnyQhYRmRWVFYrvKQqpt0KaIiKDcRBs3BUGQSNGiMhJ6rIoWQiVtJlDDmXDRWx1c2EOQIXqJKI3ee869LeafCQUJns13v8X5OOf77gm89yykslhgRYbvnh5T1XLnFFVB1SJiETGzaK1BxMT2X+jd+5eAqpav2NGE94pXh3eCc4pXwavFqeBVeNV1e88/JxCxOCfMTKTwKjixOLUZFIMTQ260lJuFbdw43+NVFBVVsXIyfmlfR0TEUFJ74L+7am835w7Voc4z9nUq+2rny4tARuDskw8MpyZR4xCjqFFkRmd5TVk+YgUjnnWVRWxeXcSV+/3FABFrZzixPM7PrNFwZIuGo//mS5ZVcnxsG9HFAaOfx6muKMIay6yAswY16bDRzjY6MRkjxWKNxYojOTZF2ugfAWOmUTHkFJZkHJfQeSdhAooXS9nSQTp7HjGVHqfvhSFasBI4QnBw9ybvvcM5h/cOH6LzPsO9J1pbQvXeGras3UpF8Rp6hh7SP9jHp5Fvl7MePH0dDKbsx6KqesrW72T4a5CurGsiumo7Iz9yursS74PsqvzpTTUb0SxlY2kjGljqNzQAnIqEKR1OJBJtQBq4FYvFmsP3SYDxqe95i4ICmtYeA+DMrg66BtqBx3kRgGQyGQca5sR+b+4f+D7xZXoo9TzvbSpOS+MdWmNHycvOBZie1zE57y73v3tODhG6BtrJCSLE3zwDuB7M95zrm8taw5UKgUmgvf9aquUXPDCAeT1Y9gAAAAAASUVORK5CYII=",52,4
51,false,8/8/2024,51,51,Food - Condiments,ghi,"data:image/png;base64,iVBORw0KGgoAAAANSUhEUgAAABAAAAAQCAQAAAC1+jfqAAAABGdBTUEAAK/INwWK6QAAABl0RVh0U29mdHdhcmUAQWRvYmUgSW1hZ2VSZWFkeXHJZTwAAADnSURBVCjPtZG9SgNREIW/604wMaig2CRgEUsfIrLb+B62vkEgr2UQsklhk2cQRNDCSsHC6N6ZOxa5rKm0cgZOc36Kc4Lz+wnAam6lYmj+uMH6qoLgrMa95Yim9WwyOyx4qq5rAZ0e8cIu4Jl0njngjIcJdbgb7y1PeaehoUFxAgUd9ukz57GSOD0hUtCli7cpTuKTc+4noqx55QsnYSScRMJwhEMU0bLgjY9MbAv6DImlRJTbLGALnSEjFFGMC9at30hAwumRUCRyjOF49pEzHGeAInF2cxl/2mvbNBTDZuGvLXb4d8E3CxSGOVhPWycAAAAASUVORK5CYII=",79,98
52,false,5/6/2024,52,52,Food - Dressings,def,"data:image/png;base64,iVBORw0KGgoAAAANSUhEUgAAABAAAAAQCAYAAAAf8/9hAAAABGdBTUEAAK/INwWK6QAAABl0RVh0U29mdHdhcmUAQWRvYmUgSW1hZ2VSZWFkeXHJZTwAAAIhSURBVDjLjZPfS1NxGMbPjX9Bl/0PXqQzIYIEWWIpRFFBQwyNQqhG4VY0dUK0gXQh+KMhu2nKIAkpAu0wkBA0f0QRtoLuFgSbOmSbZ+estsf3+e6ssE7hxXNz4PM+7/d9nqMB0A6jr3Var2hJlBFZorKochhwUpQmkO65iC3/DWwP3sJO0Av59l/QI0qlmuux5buO7EMvcuM+5AInsRdqxo/5ART92j/hqMhIX7uMbOgudu+7YYRdsMaPozRZ1c/EIKwHmiM8KyptD9xEbsyHQvAYSjZozZyC+boDxbeXYKUmkF9vcHQu7QzdRn7KD/OxqwrGW1B8cx7GZheML1eVrO8R5N+5/nqzQWfC1miTgs1X7TA+eBT0bdOD5yudCCRaMPF+CEej2oEBKb6Za9ecTb0TRrIbewLPLnegd/4E2l824vSLBoQ3AjgypR2IqpJ9dAeF4cbfzgJnPnVhZLEVZ23wSsyHvkgcMf0jzvTP/RqQZlSF6D11ML6Za9OZcJuA555dQN+TOKb1JGb0z3i6kKwOsBtWZs6Miu7qYPbadCYcjCUUGJ5eQ09IJ2yKVjlgiQ1jSZgzo+K1eTC+mWvTmbB3dLEGumu344AM68mGqbdLznTntXkwvplr05nwn73hAIvdZj3V+lISDmBUyj1SdbfXdjsNKPPHYLdVPaVhLAlzZlS8tn0w06n2HFDhX8Ufg91mPdkwloQ589K2Vp0G7AOR2a7+EgKeFAAAAABJRU5ErkJggg==",77,53
53,false,3/15/2025,53,53,Toys,ghi,"data:image/png;base64,iVBORw0KGgoAAAANSUhEUgAAABAAAAAQCAYAAAAf8/9hAAAABGdBTUEAAK/INwWK6QAAABl0RVh0U29mdHdhcmUAQWRvYmUgSW1hZ2VSZWFkeXHJZTwAAAJKSURBVDjLjZNLSNVBFIe/+d97LdTCK2ki3qJLBipE9KBWtZAkW4ebFkEF7nLZroWQBBVGbgpa9FhJ65BCIUGxl9EmwSJLKzMl8IF2//M4p8W16zVbeJjhzGLmO7/fmRmjqoyPj6uIICKEEAgh4L0v5OLpnCvktrY2kwQIIVBbW8f84iKoQn6AKgqoamGNKul0BX19TwAoAOYXFrh0e5jNxPX2I1hr1wDe+9WSUJfZRXlpCZmqMrZuSZJzivOCCxAUXrx6h4oSxzEAEYBzLi8TMMawkvPMzOdYiQOq4INivRD7/B5V1itwziF/9RmDMYalFY9oTEVZimQyQSSKrgJEZSNAJY8wRZDfNmCdUFZaQiIREZl8DZU1QMECRRaMMXkIoMawEgfmpJ1pdxYTeeRfC9ZaokQEwOSXz//tfFVTzO7qBhb3XkWixxsBJakk1y4eIAQllUpxZ/Q8Kg4rHus9tZX1NNQcZSm3zOX+FhrdmbxiVaW3t/emc+5E0SurHNv+cM/JpnMEFYIEBGVm4RvpsmpGJvoZnRrUnLdp8/f6iqO7u7vjffrRrdP7LzD56yNOPF4cLjiiqITqbXUMTTzl5eehkCw+2NPTU+Wcm62v38fozxw+eHZu34WXQFDhx8IUleU1vP06zPCnoTnraVkHiOP4cCaTobX1FPfvdfBg5AZWLDlvye5o5Fi2hdeTQwx8eDZjPc3TXTq2wUJnZ+cb59yhf3/hYPVdDu4+zvMPA9+t0DzdpeOFJm4mslfMcpBE6W8J2dkuLdz1H8DrioJLLPMsAAAAAElFTkSuQmCC",72,16
54,true,12/27/2024,54,54,Health,def,"data:image/png;base64,iVBORw0KGgoAAAANSUhEUgAAABAAAAAQCAYAAAAf8/9hAAAABGdBTUEAAK/INwWK6QAAABl0RVh0U29mdHdhcmUAQWRvYmUgSW1hZ2VSZWFkeXHJZTwAAAJkSURBVDjLhVLPSxRhGH5mf8yOs9O6aa2b6BJhsW3RilAXDSW65clDdgwkEBH/gIiI6FC3uoRBQYeooP4Aw9isQ2xG5YZEVFrINmnFto67s7sz33xf76wedEfwgxdm4H1+vO/zSkIINL7Bax/PpxLRkXhUTVuMY/7Hci4z++2e/njofmNvYDvwqe726/2pcJsa9MMhgd7D4T5NUQ8GBibBZka3kPgaCZKk7IKbVT8qNodpcUToe6g33tadOjCyo4NYREkrpGyYHLYDMEfArHFoioTE/o70jgRVC3AIZDMqLogA9fKR12qVefblGWHui54rmDZCsoSaLVClUkMSVlYZZl7P53YkyGQ/T9+dWqoaFY6K5ZaDEo1w42GOVWaz7xv7pc0x9kxkh/uOxa6c6JSSnDz/MgJgFGM0ZCLALTzKrhZePnh1S+gXr3p2cHQ0kx7oSVwePtmWbNUCKFsCKb6+i3K1GXKQY2JfrCW/XJqQfGNvBL/9bMsILRF1/MzxWGo3RfbHoK3VjUkgDlhEsqDXEKJ0Lgx2tSJ56JJnB13tLf3NYR9+F20CCwJSuSnw9W8hJHxdMtHeqiAYix/xEGia0ilLPuRXKnVVx41vYwRG6XEOGGsMst8PWVF3eXZgWUyixChvCc6GMiNwja7RJjR3x3GLRFwyj4PFvPFzQTehNUn1f4e6LIfXCdxDovGR2BvEh+9lVArFNQ/BdCY/Pjq5eGfqbQGC1IPkpEkGwnREMvl09/DkxQpuPs0beDd3ets7cF/HuefL8ViU7YnIYbpcTS+Y0P9apXLe+IeSWRSfzvZs7v8PV6U0ly704DwAAAAASUVORK5CYII=",55,9
55,true,7/5/2024,55,55,Food - Prepared Meals,abc,"data:image/png;base64,iVBORw0KGgoAAAANSUhEUgAAABAAAAAQCAYAAAAf8/9hAAAABGdBTUEAAK/INwWK6QAAABl0RVh0U29mdHdhcmUAQWRvYmUgSW1hZ2VSZWFkeXHJZTwAAAIhSURBVDjLlZPrThNRFIWJicmJz6BWiYbIkYDEG0JbBiitDQgm0PuFXqSAtKXtpE2hNuoPTXwSnwtExd6w0pl2OtPlrphKLSXhx07OZM769qy19wwAGLhM1ddC184+d18QMzoq3lfsD3LZ7Y3XbE5DL6Atzuyilc5Ciyd7IHVfgNcDYTQ2tvDr5crn6uLSvX+Av2Lk36FFpSVENDe3OxDZu8apO5rROJDLo30+Nlvj5RnTlVNAKs1aCVFr7b4BPn6Cls21AWgEQlz2+Dl1h7IdA+i97A/geP65WhbmrnZZ0GIJpr6OqZqYAd5/gJpKox4Mg7pD2YoC2b0/54rJQuJZdm6Izcgma4TW1WZ0h+y8BfbyJMwBmSxkjw+VObNanp5h/adwGhaTXF4NWbLj9gEONyCmUZmd10pGgf1/vwcgOT3tUQE0DdicwIod2EmSbwsKE1P8QoDkcHPJ5YESjgBJkYQpIEZ2KEB51Y6y3ojvY+P8XEDN7uKS0w0ltA7QGCWHCxSWWpwyaCeLy0BkA7UXyyg8fIzDoWHeBaDN4tQdSvAVdU1Aok+nsNTipIEVnkywo/FHatVkBoIhnFisOBoZxcGtQd4B0GYJNZsDSiAEadUBCkstPtN3Avs2Msa+Dt9XfxoFSNYF/Bh9gP0bOqHLAm2WUF1YQskwrVFYPWkf3h1iXwbvqGfFPSGW9Eah8HSS9fuZDnS32f71m8KFY7xs/QZyu6TH2+2+FAAAAABJRU5ErkJggg==",33,13
56,true,12/17/2024,56,56,Photography,def,"data:image/png;base64,iVBORw0KGgoAAAANSUhEUgAAABAAAAAQCAYAAAAf8/9hAAAABGdBTUEAAK/INwWK6QAAABl0RVh0U29mdHdhcmUAQWRvYmUgSW1hZ2VSZWFkeXHJZTwAAAHYSURBVDjLjZPLSxtRFMa1f0UXCl0VN66igg80kQZtsLiUWhe14MKFIFHbIEF8BNFFKYVkkT9GKFJooXTToq2gLkQT82oyjzuvO8nXe65mmIkRHfg2c+/3O+d8l9MBoIMkvi6hkNDAA3om9MTz+QAhy7JqnPO667poJ3GOdDr92Q/xAwbIrOs6GGOeFEVBtVpFoVCQkHw+j0wm40Ga5k4C0AXTNGHbNsxv32Hu7YNtp1Cr1VAsFiXAMAxQkWw2ewNpBZDZPjiA+XYebioJ9nIKqqqiVCrdGUlm0gpwzs5hzrwGX1uGMTMLtvrBG6VcLstOcrncPQDOYW3tgCffw0isg4uqnP6J8AhCnVAelUqlPYD/PYE59wZ67BXsL4fg/6ryYhNC82uaJkFtAdbHT+CJFbgbCagjYbDNlDev4zgyH4KQ7gA2n/fMUWWeiAtzBMrgWABAXciAhaibAKAYnXyaGx3/5cSXoIajsH/8hHP8B87llTSSqAMSmQMAfSL2VYtET5WRCLcW3oHt7Aaq+s1+eQAt/EJXh8MNe2kRSmwa/LoQeOsmpFUeQB0ag9I/jIve0G/n6Lhx3x60Ud3L4DbIPhEQo4PHmMVdTW6vD9BNkEesc1O0+t3/AXamvvzW7S+UAAAAAElFTkSuQmCC",6,14
57,false,1/22/2025,57,57,Clothing - Bottoms,abc,"data:image/png;base64,iVBORw0KGgoAAAANSUhEUgAAABAAAAAQCAYAAAAf8/9hAAAABGdBTUEAAK/INwWK6QAAABl0RVh0U29mdHdhcmUAQWRvYmUgSW1hZ2VSZWFkeXHJZTwAAAJtSURBVDjLpZPtS1NxFMfPH+Arwb+jFz1Q9GK+aLBXkWQvgoRehRDYAyxEY2StB8SILBJnWZY4HyhDrbR06YssW3O54dRNr7a2Zbq2u3u33bt7b347LhhqYlA/OJwfB87nd873nB8BoP+xPwK6i4q0EbLl3tC4MkRGdpCMzEsalwfIJvVR0Y4ATjZpwyToQSuMlR7o4gj05GtosQ4o01aIz0lIPCPTtgB9hMo0jwlG1MFJXVCjdcgKVcgETyETqoLytRGqcBepURNWuqhsE4BLLs4Nk2x8d0JbbcbQncNorzHD3VkOt/No/j54y4z07Dkoi61Y7iA51k7FBQD3a9dDtfyyE2qkOp8guCry/vf9RN6LHw8xpBaStxaRNrIXACyW14j3IfftGpSlM8guVCIzdxLpwHHIU2WQPBZOLkXy3X6IHyzILrYh3EreAiDzinKGPMp9XoC/7xL8/TfhH9hi/Q3w9dYgMbaHAQ4stpBYAKRfkKgnB/n184hO9SMZCUCMzW2y9VjE48SPt7tY3GYsNJNcAPB8vfpKLwOqIS5046euYesxNBXxqQau4ADSoQeYbdzQAs/Xng3YoMbuQQqchppa4vDahvQ1KPFpxF37WMBKrL63wd+wQcTEUyqJ95Cshp+wgBch+SqQCXdCk4LQUjOQ5x1c+l4W8AhSgSb46kmevEolmxaJl6M84TIjO9/EItVDmjzGqh/kknezL2XoWSR9jRC6LfDYqXzbVeblMPN8haTbiozwiKfyGMqXVsjBFiyPWfH5BgmfrpBlx88UfkhFS/epTnDQRKiJMHOb1vud8F6nOvflv3ymf7Ff4B/4xZL2LgEAAAAASUVORK5CYII=",80,7
58,false,12/15/2024,58,58,Travel,abc,"data:image/png;base64,iVBORw0KGgoAAAANSUhEUgAAABAAAAAQCAYAAAAf8/9hAAAABGdBTUEAAK/INwWK6QAAABl0RVh0U29mdHdhcmUAQWRvYmUgSW1hZ2VSZWFkeXHJZTwAAAGnSURBVDjLnZOxilNBGIW/mXt3CZsYQQtjJYqPkE4L8Q20WARbmxWEFQvBXrByQdDKF3CL1QcQH8DOKmVIkWIFbdybTe7M/x+Lm+zeFELcAz/DwJnD4eOf8OD5p4d37w2f/qrUwR25k3PG5cgMl5AZ5k5/O81Ho+mHo7e7RyxVDu8M97c63TjosIk61cz2gfOAWVKc/T5hU50mxfa9lInXj29vHPDkzYT1ADkAi2x8/jq6fpy7N37+8eJfPHqX+zx7/1397VSNRtOXJRIAMcB4tnOr19thcHWjMt1qZu9KcwMghEBVi+o/eZSW81nARXiUOaXzgBYPuTCH7I65Y1nNyKlN3BxcwtwoLTUNItDmoRhQECWRECIhGKEQhUfK3Pg8G+V0PPm2d5Du5zpxZXDtrA0BCoEkCkEMBWUAC8Ji09TNG8NqXnz8IUnK7sruSmaqzTQ30yIlndZJszrpZJ4kSY9efVnfqjaP9hmBECNFEQkxEIuVP1O2A9Z4LB8Xy3OlrbbfbD1gOp4c7h2k3VwnzAx3Jy0WzY90Q6ZmK93xBsNh0JL8RfUXD1Ut4VHY1QEAAAAASUVORK5CYII=",96,36
59,true,3/16/2025,59,59,Food - Snacks,abc,"data:image/png;base64,iVBORw0KGgoAAAANSUhEUgAAABAAAAAQCAYAAAAf8/9hAAAABGdBTUEAAK/INwWK6QAAABl0RVh0U29mdHdhcmUAQWRvYmUgSW1hZ2VSZWFkeXHJZTwAAAIrSURBVDjLxVPLjhJBFD3V3dCYSZjwDipDRjCOCcTgLGalJmxYufAD0E/QHV9g3LjSsGDhik/QjTEaTdgaEsQQINEFJjwEecmr6Yf3lkJmPwsruXWrq+85dc+9VcJxHFxkKLjg0HgqlUpP1+t1drvdXrIsS2w2G9dqtXKzt21b6Lpu+P3+N4VC4QnH5/P5U3Lfy+XyL1EsFg9VVZ1kMhmwHAJIa1Tf4eH96zC+vcKLDyfwRm6i1Wo/Go/HLwnsJWPtZ2oikainUil/JBJBp9NBr9fDcDjE5aMTfPz8E835bdw6vQMhBLrd7gNFUXSPxwNN08RsNrur0alJr9eLer2OcDiMdDoNkgKSglAohEajgUqlgkAggGw2i36/j8lkImOazeYNjQMHgwGCwSC2B0d4/n6FhSlgU366cOHe1Wvwz+eUfgucJQPb7Tai0aiUqvC0WCwQi8Xw+ouBjaPA4yJzK7AUFz79OJDA0WgkwYZhgAq8z1JjAqq2tN+Wm4AqNGouXw9Bk+G4QR2SxmCO4zV7mQGz7Fh5OI79F0wkCpmqCCyXSxlzPoM9wS4DqijcjgHTJv22Q+k5ksiNFabTqQSapilJOJ79noAZa7UaMoc9qOYSG9oziUSxlriy+YpqtbrXvSPZEWjMxidwewLjMc6Oj2VxOGBO1WdivhvJZFLusf54PC5lMYHI5XKPqa/P6EP3+XyCry4T8E/2BHDoEIdv6fmH92/9Vvz31/gHd9iUVZFEDKoAAAAASUVORK5CYII=",68,28
60,false,10/13/2024,60,60,Food - Frozen Foods,ghi,"data:image/png;base64,iVBORw0KGgoAAAANSUhEUgAAABAAAAAQCAYAAAAf8/9hAAAABGdBTUEAAK/INwWK6QAAABl0RVh0U29mdHdhcmUAQWRvYmUgSW1hZ2VSZWFkeXHJZTwAAALcSURBVDjLjZJpSNNxHMb/VhTUi3pjVFoyj+wyPDG1sDUTE7ES1zCPuXRbZjZrSk63qVPzKNuc+ncmHmPOeU3nkYkEmnjhlVdaBPoiddGbMDEoj6clZEYlvnhe/fh8+P4eHgIAsVWE/kdY4wVWC7NqE0yXUZZLeebFvs7mu3+9bwnzvE1pMyrK6lzFYWxOYaSFbFuCYqaxfK7OEfOtbHzty8a81g1zmqOYKLD4vC0B6b8/Wz/SioVuEssjSiz2kJh93YL2FLuZbQn8vG9wJssfrH0ZrcXqVB2WJnTQd8ghCbmo/aeAQ7Vi5bMuLciDqSBDacsRDJtB+cPI73otHx8akqFvFKFLcRdn2adbnGLP7PtDwHSzpOWzPFZlgVRsTomUh9zCVGTmiZD4JBYNb8qR1i6Bjdi6zJZ/fO+GQMqw73oWcQ11SWGYrBBCzadDHkyDguuB0hEhotSuYJfaIX0gGjVvixGti4JLhBO5IchjWNS8b9f8VZgmngrpcBzClY5IbroJhuIE4nq5YJGhmCZ9/18YT30B91TnwFU6gFVsC2E9HdUDOYipuYrL0kMIkDIwX+TzW7DDIUeQJ4jaKCxS5QzdMAntUN46WDkgg+xlDJS9Wbit9oRT+p61riIf9jps5FYZ7scfWuz4CDyq1kJUokGY4b8/4adtPGS2RiKthYOkJhYkz7lQdKYgqOw8rBKJFYLiraDTec1LjVOrSJ0E2P1ASAcQWHQSVf0yqA0LVPZkoaQ7wyC5g4JOCThqL1BExCcTAWFLjKU6rgzW5oJfrwezFWDq1hCoWcP1AnNcyTEFTXoQbo8PIKTUFeSrJNxSecJMROgPC4hT6zuYyXGfr027jwBxHzhtAOuF4QIdENwIBDUDjIxpiPnpsE/dBaaSBrMEYtYAW28s8Z2K69Ii8Yt3ppfrHKMHQBWPGTIOqnAU7vFDsPCqmsmNCU+yFBt9O5awE8YCgrJ5vT8AXgaV02he+4MAAAAASUVORK5CYII=",64,87
61,false,1/1/2025,61,61,Food - Grains,ghi,"data:image/png;base64,iVBORw0KGgoAAAANSUhEUgAAABAAAAAQCAYAAAAf8/9hAAAABGdBTUEAAK/INwWK6QAAABl0RVh0U29mdHdhcmUAQWRvYmUgSW1hZ2VSZWFkeXHJZTwAAAGeSURBVDjLxZO/axRRFIW/N7o7CZIIKhosAoIIopWNqEX0L7ARG0EU0V4UVLBJJVjY2FgsgiykCOY/SIw2tgHJqEELUUzQJpudcd/c9+M+ixBYhNkmhae7X3E498AxKSV2o4xdau/wMfv6V6XK89mrRx4N8zud78ve6UXxivjAwv0TpinBvqg8uNf98WQYWqucmh7j0ukJSknNL1ivnDmWm8OT7Ye3Xnx7tsMH4hAfcV6prGs2EBdQYPpgm6n97buXn669BCglYV1CvFJKbO7gj0+4oPRt5PhUi02b3zz/+EMbDLUbo24Z+labDaxVJCi9QSAzcPLoOC24tlj0ZHI8Q3wkWN9sMBCH80rtInsMZCZRB6USrco65hmgoxKUkhCfIEGeG94WW6x87S+QOPR7080cmGiRZESJld1uO28Zllb7rKz15n92zl5Rq0kk4oKS6jgqQUS88q7oUXwpu+vdc9cBkjiC2+5n5At9qywXPT593nq1Pnfhxg5PdcR7xUcl+dBsEKzn42rZ2ZifuT3M1Srv32yQgvLv+Mx/X+Nfknb5JPA+HGwAAAAASUVORK5CYII=",76,68
62,false,2/5/2025,62,62,Fitness,ghi,"data:image/png;base64,iVBORw0KGgoAAAANSUhEUgAAABAAAAAQCAYAAAAf8/9hAAAABGdBTUEAAK/INwWK6QAAABl0RVh0U29mdHdhcmUAQWRvYmUgSW1hZ2VSZWFkeXHJZTwAAAIfSURBVDjLpZNNSJRRFIafc79v+r7RUKFGMrLRQgqqVUQWbYogaB8VGURQltDC2gS5iDA3UYugWha5iqBF4CIr6JegRUQSTEQ/JIo/pIw/83/vaTHjmDpF0Mu9i3N578v73nOuqCr/Ax+grev+VVuQIxMpG85kK7DcwjIaQE2U2w+uHOz0AayTtu72rbH6WExEfBTQ8j1BFVTnasUWchy/9OgYUBSYmLFBbGVMOq71srqxjsBzWA3A1GKE4jaCZ4QfiQEud54ib0XKEVJZMManZX0Tm1t34RkPVQvigwhGBBGDMYaIZ3Bu0RvMxQyCkDC6vOj3L9ByyEUC+VyGfCYNIqg6nFqcMwigqnhiKeRSqLqlDlRhPDnMz7EkeVfAqWUqO0rOrkFKnPpgkvRsEtRUFhgZrSIymJk/0BiqmTJ5kiiDg7p0DlyJb7xlGC+omLslcZfGgTtExr6S+HyBVrMzgAMLHfwJLYletk32sfHoSYLmTaQ/9FP98kn4eG/kjA+gziHA2PePFQW2v73OhtPnCL88gxfdVNXWsS4e590nLQ6SlJpzo6erXP2OoeeHCVc1w/6z89kvNuA5afIBaqIm6QqZ2oYqKbawJFhajMQaSL3vo/phB9n0CClgesrDegz7ANWBuXei5+mOVF63OLc0wp7o7jB88yqIr4jiexGmxwt8GzWquJvyr9/59aG152cnhts9K3Hr6ZDCrX39hZ5fKo7iczfDI18AAAAASUVORK5CYII=",91,20
63,false,3/21/2025,63,63,Food - Meat,ghi,"data:image/png;base64,iVBORw0KGgoAAAANSUhEUgAAABAAAAAQCAYAAAAf8/9hAAAABGdBTUEAAK/INwWK6QAAABl0RVh0U29mdHdhcmUAQWRvYmUgSW1hZ2VSZWFkeXHJZTwAAACzSURBVDjL7dI9C0FxHMXx8zruG2SSUjKgXwklw2WxSB4yGC2iDFyDpwj1T1LK00jq+hduOt6AwU02w1k/deoLkvhm+APvAVRpoEpBxVEoaoX8SZDbG24AkcWTrZ3D+ubByPBCmEv5HCjfVXPrMNq/0WdpZuaaSI3U50DhomrrG/2WpqdzZWJiE7G2CyB3lPDgTHOmGR/bDHUPRLDk4kJ2ZSA9FSR7CtJQCOQF3rjxL/FHwAu8X+2ABKJChQAAAABJRU5ErkJggg==",28,89
64,true,4/22/2024,64,64,Garden,abc,"data:image/png;base64,iVBORw0KGgoAAAANSUhEUgAAABAAAAAQCAYAAAAf8/9hAAAABGdBTUEAAK/INwWK6QAAABl0RVh0U29mdHdhcmUAQWRvYmUgSW1hZ2VSZWFkeXHJZTwAAAJCSURBVDjLhVJLa1pREP7u9ao3PmLEBEy7sorFtkQUpIuWdlOwBOy+m+zzN7ovRejOZemm+9CsC6FYCIiI+CwUbUJoqVo1Pu7jdOZUxUKSfjDMvWdmvjMz54MQAmwEJZFIPMvn81/i8fhz+tf4bGFaOp1+XCgUPnMOny3r5EdbUcQPzjo6wu1UCp3TU9i5HHbwFxxzHx8jvLeH81IJ8/19GYsKoagKgZO8bje8gQAsy4IvGMSGw4GgqkrTKUX3+2VsY3MT+oKYa9XFN3RNQ63dlkn1ZhM2kYy2tjDy+WDpOmr1uozVGo0VAZYztgA7QLeXd3fRHI0Qo9sjNJpKBcIwMDNNfCXfJrtj20iTv6R4DFC19Q4ehEK47/VCzOcwKclmIzIXEd11OhEnr5C5h0NcEumqi2KxKEzTvNYMwxCTyUQag8+4hms1XIHZbIZqtYpoNIpWqyVnHwwGyGazyydfQb2KgIu73S78tPlkMolIJAKPxwO6eWVLon86kMKgJ0uxFjodLMVSqVRAAsKLNzWotPbDp0FsX9fBmjIl+v0+bNo87QEUwa2QC28/XqDUvWGEdTIeh6Qt92DPTLiow3DQjQ8nNp4cfnqpisV15Oz14hxJmUOZTAZeelruwpqaMOYGNFVgZ9sF3Yn3cgdDetcRwUdYVyfvw0E6YM8dWGMimFoY/57jrNGDObUOJEGdZEqJm5qm3TQRrImJYU/DeeMXHkYv8PrVwTtZ0ev1Tsrl8iP8B9b4Hr5XqTh2hrD/5zc++wOzk1RA9fA6WQAAAABJRU5ErkJggg==",62,72
65,true,5/4/2024,65,65,Outdoor,ghi,"data:image/png;base64,iVBORw0KGgoAAAANSUhEUgAAABAAAAAQCAYAAAAf8/9hAAAABGdBTUEAAK/INwWK6QAAABl0RVh0U29mdHdhcmUAQWRvYmUgSW1hZ2VSZWFkeXHJZTwAAAIxSURBVDjLlZNBiBJRGMf/r9FZc6lcjLBQdzaElI25LNWhSx0kiD1FUMEegyAqakHYS7hG7C261TEQETpEEoRgS7QDRXgQkShmrVCi1W3JUMcZRx2nN4+0kDlsH3x8w8z3/d57//k/YpomJiOZTAYNw9jo9XpCv9+HpmnfFEWJJhIJebLXAZvQdf2h3+8X3G43LEClUgmUy+UH9NPiZO8eO0C73fbl83kUi0UGcLlcaDabQbteWwBtRjweJ7VajQG63S7LXQN4nmeVEMIAI8iuAVQDxGIx0+PxgArJ0npnF7YiUsUhiiKcTidKpRK8Xu//7YA2m9aKsixDVDu4uLONjZMLx3H7Zo7mVdsdpNNpgRZ5OBzyNNn5A4EAzpgD+C5dAdG7pFepRj+nn0bXlpaOpFKpe0wny0jWMK1yOBzms9ksCoUCqtUqO/eqOA9x4QS0nyUom6/R/bUN1b0PZW1qfXm9FmUAStMjkQhPAWi1WmyQum+c/ffPMFPP49jZC5iam4dWyuGD9ApN+dMtdgTaxFPrIpPJWCZigqmqOgac/vgEp27chevLG0C6D/cBD44Ksyhsmnccf0RjqzYaDfY8Gux0Oqzu1xW4fHPA+eW/4q0eBjckwmgHDBAKhdg/t4zzb9V/PIdafInpF9eha3Wolt1bHAwOWwxgCSZJ0tg0k7l4aBoz7yQIB/fCwTnR3hnga53AhPmI2F1nu3h7ObjSaWxd4wwya3Dmdzr1+FxusPYbDlZf5OWGzT4AAAAASUVORK5CYII=",87,100
66,true,11/12/2024,66,66,Food - Condiments,ghi,"data:image/png;base64,iVBORw0KGgoAAAANSUhEUgAAABAAAAAQCAYAAAAf8/9hAAAABGdBTUEAAK/INwWK6QAAABl0RVh0U29mdHdhcmUAQWRvYmUgSW1hZ2VSZWFkeXHJZTwAAAGeSURBVDjLxdO9SwJhHAdwIdpqrKmxNZqKuEUhSIyixCI0yjPv1PM1z8KDEonrOPF8OzcVhYoCh2gXp/wzcnmGgiDX1m+PQsZR9EJEw5fnWX6f5/e8mQCYfhPTnwHZbMapKPL9jwFNy47QYllVlWdZPsGXQKGQZwqF3CC5nMbQ4rt6vYabm2uk08fvAOLfHzcA+byGclmHrhdRKhVxcXGGZrOJ8/MzSMlDA0B8MZ7sBqYMgKZl0Oncot1uo9VqodFoQJZlCuoQ49EhQLgo98SHQDZYiaw4J4YA3Suuri6hqioURUEqlYIoinR+ikhEGACP664ucfGLj04PyPKWoStT/6BqtQp4nofb7YbD4YDNZoMg+Gl8r0CP2HcW6QhiWTMCR0cSqtUKJCmJWCwKu30dZrOZYjvw+71vW7BuCr3VTZB5q0hmLWND4OAgjkQiRotDg5bDYWGAeDxu2pXHeIhzS0EyY540dBDfDzOhYIAJBDjG59tjeJ7t9qFkUgTHse+vcXph9NOHRFcd4bysQvP8EfDtp0yhbZqH//tM380L5ZG0STFOrDMAAAAASUVORK5CYII=",25,81
67,false,8/26/2024,67,67,Food - Grains,def,"data:image/png;base64,iVBORw0KGgoAAAANSUhEUgAAABAAAAAQCAYAAAAf8/9hAAAABGdBTUEAAK/INwWK6QAAABl0RVh0U29mdHdhcmUAQWRvYmUgSW1hZ2VSZWFkeXHJZTwAAAJ3SURBVDjLfZLNi01xGMc/zzm/c9/NDMZLudOENGPyLkphw5aFkrKgLFhbWZCV/AeyVBMlpCQbFEWRBRKGMcMMo7yOe+fOueeec+7v91jc8TLT8Cy/PX2+377PI6rKbDN0/XhQ7Gw7XChkDmWydrm6sGDDcWsnK9V6JboZ1jix4sCl9zIbYOTW6Uxbh3++1LVqr18sI0EB8Qzqmrhogvj9fcLh26MTSecuM5t7Pp+cKpU37g0617cE9UEASfFKUFy9GzLzu+3jCzv/AYgOmfYeIAWKYHIIPuAghWb0inx3L/HQvCOzAjwXtUuQxTXGkKCE/RGCKprW8doNLnqOV1qKZOb1mMEbm57m2vr6RLw/CeKmn4vqoCNEr+/i6lnED3CNGl4mxZQNfn4ztvoFI+r1dm09F4gIKIAy+fYO0evLFNftIR29SG7zGrwgRjJdTFy7Qn7lMWovBpj4/PWhoakNXJKNP53FJj54bfjBHMI4QF7cI+hYi+cUsTkkVbKLN1AfjKg87P+47Oi9LYa0ld01C1PuD6i+fDK9lIGZLQ2w4uijMoDBeT6eT+3dIMn4B1xcZ/6mfXSs248gVGuKw8e5Bs4F5AslPvXv+I0yNEHwWbDtJKgFdYAl+XYVbEi9YvFziwkycxmvxLypLmThX1kMqaqqJfnc37qzKtACqaYUsvBmdIxqOMa37yHbdxwkfPY3IFHXql9b7mpRTUCboAlZ02BVdx1na6idpLikzNC0BLE6RKYcm6ApuBh1MWgDdQ3UhaidBBcB3rQ6jaYua8MKyCJEBPBR35t6XRA8QEAFMNioNgMQx3eHz+zcgrb2/ju/dpx78Ev6CYWKMs7gLifFAAAAAElFTkSuQmCC",12,45
68,true,6/24/2024,68,68,Food - Spreads,abc,"data:image/png;base64,iVBORw0KGgoAAAANSUhEUgAAABAAAAAQCAYAAAAf8/9hAAAABGdBTUEAAK/INwWK6QAAABl0RVh0U29mdHdhcmUAQWRvYmUgSW1hZ2VSZWFkeXHJZTwAAAHdSURBVDjLjZNPaxNBGIdrLwURLznWgkcvIrQhRw9FGgy01IY0TVsQ0q6GFkT0kwjJId9AP4AHP4Q9FO2hJ7El2+yf7OzMbja7Sf0578QdNybFLjwszLu/Z2femZkDMEfI54FkRVL4Dw8l8zqXEawMBgM2HA6vR6MRZiHraDabH7KSrKBA4SAIEIahxvd9eJ6HbrerJKZpotVqaUkavkMC+iCKIsRxrN6EEAKMMViWpQT9fh/0k3a7PZZkBUPmqXAKCSjAOYdt21NLUj1JBYW7C6vi6BC8vKWKQXUXQcNA5Nh6KY7jqJl0Op1JwY/Hi7mLp/lT/uoA/OX2WLC3C9FoQBwfILKulIRmQv1wXfevwHmyuMPXS5Fv1MHrFSTmhSomnUvw/Spo3C+vg3/+pJZDPSGRFvilNV+8PUZvoziKvn+d3LZvJ/BelMDevIZXK2EQCiUhtMDM53bY5rOIGXtwjU3EVz/HM5Az8eplqPFKEfzLR91cOg8TPTgr3MudFx+d9owK7KMNVfQOtyQ1OO9qiHsWkiRRUHhKQLuwfH9+1XpfhVVfU0V3//k4zFwdzjIlSA/Sv8jTOZObBL9uugczuNaCP5K8bFBIhduE5bdC3d6MYIkkt7jOKXT1l34DkIu9e0agZjoAAAAASUVORK5CYII=",42,63
69,false,4/28/2024,69,69,Food - Oils & Vinegars,abc,"data:image/png;base64,iVBORw0KGgoAAAANSUhEUgAAABAAAAAQCAYAAAAf8/9hAAAABGdBTUEAAK/INwWK6QAAABl0RVh0U29mdHdhcmUAQWRvYmUgSW1hZ2VSZWFkeXHJZTwAAAJFSURBVDjLzZLdS9NRGMf3Fwy6jLrPKKerSAsqXzKn0xY4ZrIhbvulKwtrOCdYuWDOza02Ai96AxEEaXixTMkllDdKUjhrrmDMlMFGuLbTXO7N/b6d3+rCYFLQTQ98eTiH83yel/PwAPD+Rbz/A8D2dsupvlIRTjmdluS0XWT7WifJXu4gGUZN0q2tJHWxhSSbpGSrQRJJnKtT5AE0QEaVwMwLYH4eWF4G/H7A50Pu9StExsYQHR1FfGQEsQcPEXQ4ELzdj83T1Yl4+SkJB3iLJ4+AyUnA6QRWVgCPB5iYQE6nQ1CjQYhhEFWrsaFQ4F1jIz6ZzfB33QARlgU5QAnbo11kLSaAZsP6OvI2N4ecVIqQWIwv9fX4RrVaVYWPAwNYZdpBSo6HYweFsvwMaL97aL/TOUM/4HIB4TCwtARWLkeEBsYoJCYSIWAy4bOSAREcC0SLSkt/+4Wspp2fUammtvV6YGEB8HrB0tJJTQ0StbXYGBrCGg2OHT4aiB4QFBf8xpRcwU/KmqcyPfqfADqDRGUlUlYrnhoYdNtlbPs9CVqMFfG6XsHNgnuwdf4C/7tI7E733QI7Po6sxQKnQYk7TiWee4fhCblhf3kFzfZilHXutRVcjs2Ks/vjJ8/409puJK9roTJWw/XBAZfvfn6+ttlLsM92cIDkrhtGjpQfov2+of2uNfQJMe19jJ327P0wB/i7dT1xdV/S6lZh0N2WDx6caftzBTtFHxqbbEW462bymTnPnXedwS4QM1WcK/uXN3P3PwAfNsr5/6zP/QAAAABJRU5ErkJggg==",5,51
70,true,12/28/2024,70,70,Food - Salads,abc,"data:image/png;base64,iVBORw0KGgoAAAANSUhEUgAAABAAAAAQCAYAAAAf8/9hAAAABGdBTUEAAK/INwWK6QAAABl0RVh0U29mdHdhcmUAQWRvYmUgSW1hZ2VSZWFkeXHJZTwAAAJ8SURBVDjLpZNLTBNRFIb/edgWamkLsylqsaASIDUEBHfCBqohcWG6UIM7YmJMNG5cuKkudGEMYQeJYqMbCZGFYVHrStMYTIm1RU3amsgjQVQaHsXSztt7p7YqlpWT3JyZO+f/zn/OnWF0Xcf/XPzOjVgsFlQUZVCWZZ5EkGgsSZJonPD7/ecqAhKJhJ0IHjgcDr/ZXA2RiKBpMPwRl06nA+Fw6Cx5+hcQj8dPUrEgCPusVivmF5ZBq2uaDk3XCEiHSmCiKFZugSSH3G63sZHPFyAT8fvEWwLQyquv/5TRRkUA7dFkMiGbzRYrqypa29qN6vqv6nTYuzqgZJWIaBI9FGo9EZ8lUTWq03eugdM4xEax9NQ3K64ujx2+9GH8LwfFWelGMgW0eTuM6iUXzOI0jncLsLdeOZaZGb4bu3NkueNG+nnZQQlgQEhlKqL3qzXz+JJ6jI6D+2Fv7kNuMYQ9tuZah1ucCl1tHGJLgLJY/T04CnqYuo8GpQC7dwDq9idYhHrw1YCrp726qdU9ajigwyl9kdQybUGnELJ3re4mhM0w5PUFsFwGDJuDqSYDFLbxY0Xkyi3QU+A4rti3SqeuwSQu4YD2EuZaAla+g9U2ANYGXZaQnEgVPqayF0sOopFIpNvj8cBms8FStQk+8xp1+Tdo6PVBl16AUbcwN70Fc27lG8cwSH/OXr7wZH6KKVkfGRkZIKdxy+VydXoam1C/No76zhOQMqPgeTuSr2RMRqvQm31XY7Fy6Hm0tEV1zM6/MRAI9BPQvTMtSe9RXxeUjRnMhdbxbM6Br5qQDAaDLX/mM7v9ztHhrtt7a51D22u5fDq9ev38WHqyUt5PJr6PrWVr/2QAAAAASUVORK5CYII=",95,41
71,false,2/20/2025,71,71,Food - Grains,ghi,"data:image/png;base64,iVBORw0KGgoAAAANSUhEUgAAABAAAAAQCAYAAAAf8/9hAAAABGdBTUEAAK/INwWK6QAAABl0RVh0U29mdHdhcmUAQWRvYmUgSW1hZ2VSZWFkeXHJZTwAAAJHSURBVDjLlZPNi81hFMc/z7137p1mTCFvNZfGSzLIWNjZKRvFRoqNhRCSYm8xS3+AxRRZ2JAFJWJHSQqTQkbEzYwIM+6Yid/znJfH4prLXShOnb6r8/nWOd8Tcs78bz0/f+KMu50y05nK/wy+uHDylbutqS5extvGcxaWqtoGDA8PZ3dnrs2srQc2Zko41UXLmLdyDW5OfvsUkUgbYGbU63UAQggdmvMzFmzZCgTi7CQmkZwdEaX0JwDgTnGbTCaE0G4zw80omhPI92lcEtkNkdgJCCHwJX7mZvNaB0A14SaYJlwTrpHsTkoFlV1nt2c3x5YYo1/vM9A/gKpxdfwyu/v3teCayKq4JEwT5EB2R6WgYmrs2bYbcUNNUVfEhIfFYy69uci+1fuRX84mkawFSxd/4nVWUopUVIykwlQxRTJBTIDA4Pp1jBZPuNW4wUAPmCqWIn29X1k4f5Ku8g9mpKCkakRLVEs1auVuauVuyqHMo8ejNCe+sWPVTkQKXCMmkeZUmUZjETF1tc6ooly+fgUVw9So1/tRN6YnZji46QghBFKKuAouERNhMlbAHZFE6e7pB+He8MMw+GGI4xtOMf1+lsl3TQ4NHf19BSlaO1DB9BfMHdX0O0iqSgiBbJkjm491hClJbA1LxCURgpPzXwAHhg63necAIi3XngXLcRU0fof8ETMljIyM5LGxMcbHxzvy/6fuXdWgt6+PWncv1e4euqo1ZmabvHs5+jn8yzufO7hiiZmuNpNBM13rbvVSpbrXJE7/BMkHtU9jFIC/AAAAAElFTkSuQmCC",54,23
72,false,4/24/2024,72,72,Food - Meat,ghi,"data:image/png;base64,iVBORw0KGgoAAAANSUhEUgAAABAAAAAQCAYAAAAf8/9hAAAABGdBTUEAAK/INwWK6QAAABl0RVh0U29mdHdhcmUAQWRvYmUgSW1hZ2VSZWFkeXHJZTwAAAKjSURBVDjLlZNbSJNhGMfnTZddJHS4iFJzdhFSRAc6WClJNmbMZrA+0x0+dQesXGpTnDo3aylmSToSgqiMqNTmFC1aOVMHuSG6DS22SK8aMQPZwanj375vMPuoC3vhz3P1/Pi9z/u8LACsqampc6MtJD6ocvBOtBcsFuvwBrObak632Wz+z9Yx2K0WDBelYW1tbUOhISqVapPRaBS+vV2K8a5SDBemIRQKMRIIBOD3++NZWlrC6upqDMA0GMEQwWY0+3w+tKvL0MLZCm3ONqiILHyZm8PKygrTYEhbirGHJRgSsLG8vEynpnselZUN0HN3QHM+EdpoLTu5GdcLL6wD4gYTMYPBS2yEw2E6qqfzqMo7gTtkBh5X5qI8exeq+ftBZiYjGAwwDQYbS/CpsxgD+ak0nUrVk++olpHwOYwIzprw09KBXy4TepoKooBg5J8G/Xmp9IAoAHWNtvudGDdIEXC+QGj2DTwmHWqUCiwuLvqjgIPrBvXFGH1Aop+3J95M1j8HJzcPdTo9tEoh2m4Kobh6A8VSOe62tiIhIeEI02BiBMbcFBpgNpuh092CRCIBn38Rhq5HGBh+Dy6XC5FIBJlcgaPHjhviBqZaEpZ2Cfo4KfQAv907A8szHdSNeiiV5cjn88Hj8VBQQKBILEW3oQme1tMRhoEtatCbk0wbeAfq8bKWi8tiBfR6PTQaDQiCQHNzMwiRFGpxNjwdXM+6QbUEH9tE6M2OAcIhP34sfIW6oQlyuYy+ikAgoGuJ4hoW3C5kpO88+5fB66wkRCIR+iWoQVKrS22jy+WC1+vFnye+BxUVFUndnH3ou3IIrzKT4Ha7MRddV6fTiZmZGUxPT8PhcNB1cnISdrsdVqs1BqBAVISpW07VHdiukbATyf/5zr8BNamLpjmUSloAAAAASUVORK5CYII=",29,65
73,false,9/27/2024,73,73,Food - Prepared Foods,ghi,"data:image/png;base64,iVBORw0KGgoAAAANSUhEUgAAABAAAAAQCAYAAAAf8/9hAAAABGdBTUEAAK/INwWK6QAAABl0RVh0U29mdHdhcmUAQWRvYmUgSW1hZ2VSZWFkeXHJZTwAAALhSURBVDjLfZHtT1JhGMbd+kPaNElNnCHqARQ4TmnjRYRVSPk2hShMJ5IK2hQxdDqxZBnVkuYLpgg4TaeuzElutdXogyw/NNeHvrg258t0mCuuzmHLomVnu7frvp9rv+e+nhMHIO6kEsxzIZjlkLTO9Wcrc7xZ4b89MQ35gpfwZ8+fIZA7lT2j7yuM501karlj7L3/AoT0jXOcW7/6HF/2Ic+TtXWtTeQu6uSGuYMZkWIDr/tEAP85sZM7TRxGV/YSu9zxTHDcbHCG2GgN1CPwZQqm3nLItKyGfwKonGTOZBb4E8SOxFsAX8iFhfVR9L22gXk3CeXzcnjeOnHenor07nNIs6VQt04Tu1TO4+xUzojAzcF48B7uLFaiZaYYjTMV4DsJMLuTUTmqQn4R49PxBlTOIyonuM8yh/lu4utlXxHc7+2wzJXB6JOjdCQPao8CE+8eY2C5D2kdyeCpE6diInBG2W+IoQwQrgx4P9xH62wJ6r2FKB0ioRorxMMVG4zjKjx61QlmawpSzIz95MbEmpg3IJ5kHKonlOh9WYM6jwwlT/NwcViKB8sdqBlRoGrwAgXoRkoTA0nGM5GzdQlg3Iz//YDZA6yD675K2BcaUNV1CdaudrhcLjRbmqBxyNExaUBze3N0ZrPZtvV6fUNiVYL1GMB1ZHaxepjQ3q5Af38/Njc3sbGxgZWVFbR3taG6RY/Qx1B0trq6GvVIpdKemN/I0qWHao21CK6tQWMog0QqgVarhcPhgNlsjmqJRIyiK/J1GmI0GndiASxWj8Vq+UEDal06kPkklpaWEAwGEQgE4PP5wBfyI/FXT0e3sFqt4RgAk8m8odPptmmASF0QEeYJIRKJoFAookVrkiSPlErlIg2gvTGAZOqTyWTrdrt92+PxbPn9fjidThgMBphMpqimZ/QZ7aG9MQAGg3FKIBCki8XizxqNZr+6ujpM1Td2Met7mir1gNJ79Iw+oz209ye6Km+xbu69pwAAAABJRU5ErkJggg==",98,22
74,true,11/28/2024,74,74,Fitness,abc,"data:image/png;base64,iVBORw0KGgoAAAANSUhEUgAAABAAAAAQCAYAAAAf8/9hAAAABGdBTUEAAK/INwWK6QAAABl0RVh0U29mdHdhcmUAQWRvYmUgSW1hZ2VSZWFkeXHJZTwAAAH0SURBVDjLlZPLbxJRGMX5X/xbjBpjjCtXLl2L0YWkaZrhNQwdIA4FZxygC22wltYYSltG1HGGl8nopCMPX9AUKQjacdW4GNPTOywak7ZAF/eRe/M73/nOzXUAcEwaqVTKmUgkGqIoWoIgWP/fTYSTyaSTgAfdbhemaSIej+NcAgRudDod9Pt95PN5RKPR8wnwPG/Z1XVdB8dxin0WDofBsiyCwaA1UYBY/tdqtVAqlRCJRN6FQiE1k8mg2WyCpunxArFY7DKxfFir1VCtVlEoFCBJEhRFQbFYhM/na5wKzq/+4ALprzqxbFUqFWiaBnstl8tQVRWyLMPr9R643W7nCZhZ3uUS+T74jR7Y5c8wDAO5XA4MwxzalklVy+PxNCiKcp4IkbbhzR4K+h9IH02wax3MiAYCgcBfv99/4TS3xxtfepcTCPyKgGl5gCevfyJb/Q3q6Q5uMcb7s3IaTZ6lHY5f70H6YGLp7QDx9T0kSRtr5V9wLbZxw1N/fqbAHIEXsj1saQR+M8BCdg8icbJaHOJBqo3r1KfMuJdyuBZb2NT2R5a5l108JuFl1CHuJ9q4NjceHgncefSN9LoPcYskT9pYIfA9Al+Z3X4xzUdz3H74RbODWlGGeCYPcVf4jksz08HHId6k63USFK7ObuOia3rYHkdyavlR+267GwAAAABJRU5ErkJggg==",59,75
75,false,4/17/2024,75,75,Kitchen,def,"data:image/png;base64,iVBORw0KGgoAAAANSUhEUgAAABAAAAAQCAYAAAAf8/9hAAAABGdBTUEAAK/INwWK6QAAABl0RVh0U29mdHdhcmUAQWRvYmUgSW1hZ2VSZWFkeXHJZTwAAAJcSURBVDjLfVI7aJpRFD7/7y8qdlDwQdQYwQYJJdCSNmSwlBQcQjK4Zil0KIUgXVwFUeji1Lk4dLGh7RCoDhYtRQoODnUqjVY0SJKKT3zg83/03Jv+YlLMhcO595zzffe8GEmSQD7CK580sztgmkgAtYsiSETwTrTq4ADg23fQfv3CyBgOFo7E8/NgGTgnkYmms0UIsNcIZvwVQBCoDDY24PzwcP6mJLcSoFOaToFdX6eAhtsNo50dGJpMwLpcAOMx9d9GEGYuLkHhcICwtQW91VXQ6/XQ2N0Fbm0NxF+/acxSAtXx+yBc/gnDWRXaSGBaWQGdTgc1ux3E0xJIxXJY9/NHcBHDkMbk83kNz/MuFMVsNgPHh08vzx67X9i2H9GgWq0G0vHH+On9zRDxT7EM1A2/31+lBLlc7lypVFoFrBtJqJDUWZaFyWQCHMdBvV6HZrNJgNTf6/Wg3W4/o2NE49FoNIpZrdY7JOVutwvD4ZAK+YAQm81mcDqdoFKpyIdQqVQ+I+6EkRcplUrdRUPCYrG41Go19Pt9CqSzRyE2EceYTCYFjAuGQqHX15ro8XhKWNvDYrF4QtJUKBQUIP5bICyRgNsYsyeD/5uC1+sdYECq1WpRAtIDohmGoSTYj0E4HE4tHSM5GLRvMBhoylqtFndnTBtK7qjt2PnNpQTRaFSDGTy12WxQrVYhHo+XMpnMu2w2C51OBxy4YFje/lICBD8xGo0arJV0+i2+HwSDweeFQmEvFotdkH7cJOBupG8tl8sVBB4FAoGkbI9EIkmfz3cvnU6/wR3YXsT8BaM2jDnYpij1AAAAAElFTkSuQmCC",27,58
76,true,9/2/2024,76,76,Pets,ghi,"data:image/png;base64,iVBORw0KGgoAAAANSUhEUgAAABAAAAAQCAYAAAAf8/9hAAAABGdBTUEAAK/INwWK6QAAABl0RVh0U29mdHdhcmUAQWRvYmUgSW1hZ2VSZWFkeXHJZTwAAAHxSURBVDjLpZPLa1NREIe/PKhSNK2g9UEIKqEFRSgooi4sCJqCuHEpduEDwZU7/wGhu27cdKWoG7WQrsSgKAV3SnFTAqZCW22xlAbTpL0xyb0z4+Ke5mHrqgMHfouZ3/lm5pyImbGTiLLDiG+KsTfLTRQ1wwARwMBUUQPRUIvCoxupSIcBwJF9XRiGKRhgaqiBtZmowtxKdSuBmGHmChTMDDNH44xUDVVD/G1aEAkRMUPVFW5q7TTxRbcamGiYaKCqmOIK1FEp6fIzDu36SSwYBO53biFQUDFE1NG0tIqSLE1yOr3KicwdMse+8HW0f7iDQANFXI8tklAnN3KcS03TM3AZ70eORG8KS61lcw+O320aBAGIaLP/dpM+8vSeuopU8+zen6QmSxweGuwOvNJ4y0AEkbiburvdwlWWgz780gLRWJFI1KMrUYRalY3leqyNwBBxxW76Cb/AmdgE3QcEDXyiugbRvZjf4NurQi1fqNxrIzA3g/D2ZH2K/uAdA5eGsMZ7IrLOzNsa5lUxhYW5ys2Rl/PZNgKlsFh1g4OLBz9x8kqGRnGceLyHmY8+r5euU9xzHgNePD+bDffvHsy/Z3Fy+HN9ZdS8wjWbfnxh/cmt9Mh2efH//bJf88UPlfLU0epv78/s7OrD20+/T2yX9xfxXpKxy4ipWwAAAABJRU5ErkJggg==",34,47
77,true,11/9/2024,77,77,Food - Breakfast,def,"data:image/png;base64,iVBORw0KGgoAAAANSUhEUgAAABAAAAAQCAYAAAAf8/9hAAAABGdBTUEAAK/INwWK6QAAABl0RVh0U29mdHdhcmUAQWRvYmUgSW1hZ2VSZWFkeXHJZTwAAAJiSURBVDjLpZNLbxJRFMf7AfwEfA5YunTDwsTuujO+YsLGxEVTV066cdGYQmaAKKZNawOVSE2qltRIW+kI0jQWOlCGh0Bb6FAYcBgYGKAc51wegrrzJv9k5ub8f+dx750CgKlx3bCBTpNBk1HTzEDGwZ7uz/hx4zVN+icbksnz9YwJHiXZ4+iJGOFi4v5hnH2zl2Fm3RUTxmDsBGBgvu7yF6jISZoXyhLIShs6Vz2iWkOFfLECgUOOX9pOUxg7hAwBejRz8R9ys9UBXIrahYrcBlFTvdUle7Kiwn4oLDu2EgjREwD2hWVj5qE5X2lBodoCoaoS4fdGsDiCbO8E+EdrArajQ4DBw54yWDYuzDg9vwcPbNEJ8z2Gg7Nyk8TEMxdAu4MMehFgDHxPsNgzllquIWCXALCSt5r5JnVAALlSE6RGBy6rCiyvv2fRi4CZ8HFUxGGhuSSpME3twn0rB8xWjnyjEJApKqQKtXMFa851Eb0EcBThCADNqFtPfcRg9Z5OANKCMqiiDcsrr0cA45eDGFuVW1BTOlD8iYDPxJC9VPotDQCpiwY5meR5FWiHc9SCwelLMbl8GXo9IIPD4Dt0PyMKq8K9RL4B7W4Pdr7FgLJ/HA1R99hVMvn8IV6UmiRgeHzJQoMIjfiPCVJadsuLVf6uPdk/xuFFot9FqM1Pflmo1Elgtd4h/WIbeLQITp5XwOxwyXP01u+LNH6VF5whatW9yQfDKcgJEpkJ9hzLiuD1R2CBXuJnLR/+vsrjj+nhq6xp/qWXeW5bYWmrXVy0MOIzs4OdM3uY20z834/pf57zL6w/CRKnLd7XAAAAAElFTkSuQmCC",81,70
78,true,9/21/2024,78,78,Outdoor,def,"data:image/png;base64,iVBORw0KGgoAAAANSUhEUgAAABAAAAAQCAYAAAAf8/9hAAAABGdBTUEAAK/INwWK6QAAABl0RVh0U29mdHdhcmUAQWRvYmUgSW1hZ2VSZWFkeXHJZTwAAAKdSURBVBgZBcFLiFZlGADg5/3OmRlHbbwkpmQ37WZlmBYWIrnRRUnRolVQbcRN7Yp20SLauSvENgaB1C6KdpnlBbHMFl2IMsK7Ntg43mbm/8/53p4nMtO2dw+9Pj4x9koJGzEPAQIZZNXV+vfVK3kgrk29fXjPjgFAZKbnPjh6+NM3N64tJRYnjQQgE9LkjaH9J666dGbu1u+//rH0yJ4dc9BCaeKh0bZZ/Nu/mhJBkJU+q65LM8Pe1gdus+nB1vE6OT/rw1PPvvH1ku8/fH6uQEQszMxmtClGCm3QFJoggiJQrZwYteOple69f2y8nViwDwokAQUlKBFKhBKhRChNuPjfjHsWDj2yNOx85nbNSPMytACZtA0hZITaJyW0DaNZnLqSBrVT68CW1WOiLR20kEmijSKlRJQQyEo2hVFKDbU2UiEKKJCoiKBEKBFKhMgw0oSREr448YLPjm421hYVmUCB2pFJRSIzkUqhRGgb5rqhVcvW+uib9fpKX4EWak2ZSZIS7P12K9kb1M6g66xcssbaFZtcn73p1X336bvPQQt9pU+yUgFdHdj26Gv6rPraq9KF6bPWrdrsxmDGT7e2z3v8/ZlooXapZnrv54GQarCoG+izOn3lL8Pa6erQsB+6Nnfd+ru2uDG85fg/R2Zb6Lpe37NyYsSG5UVNDlyY1fWdOybu1tVen9XF6TOWLlzh5Nmjjv15OmfT4ha6uVq7WnPQi2PnezXSrW7gk2O7DerAbDewZtlaT6/e7sfTR5ybvmR8cs/NUx8/P9PCcLa/vGC0WfbOusGCzCyS+tgvYNF4C17ce6co4yavT/ly1w/TG3YePA8tROTu7W8deikinkg5H0CSSOnG8rmxc1PfxeLLX119ctfBk22xH/4HCmFTpxr5rC8AAAAASUVORK5CYII=",97,27
79,true,8/9/2024,79,79,Gaming,def,"data:image/png;base64,iVBORw0KGgoAAAANSUhEUgAAABAAAAAQCAYAAAAf8/9hAAAABGdBTUEAAK/INwWK6QAAABl0RVh0U29mdHdhcmUAQWRvYmUgSW1hZ2VSZWFkeXHJZTwAAAIxSURBVDjLfZLPi1JRFMffPzGLNkW7Ni1aJUitI4IWLVpm0RTUohazqkVU0GhjGcGU1NA6dFQ0FX09QVHxVzr+eE9RRMw0NVslPcmn8517nulkOj44XO6953y+33Pf4SRJgiiKyOfzyOVyyGazyGQySKfTSKVSawC4VcEVCgWMx+OFaDabKiQej6+EcKRMBY1GQ1Wu1+szCJ0xF4hEIkdCOLJMyaRGB8lkMt3v96EoinpOwFgshmAwuBTCkeo0kRX/YZYbg8EAnb6CwLeJk1qthnA4jEAgsADhSHlqeTQagYp//B7j+d4+nn4BhMbkrlqtkgv4/f45CMd6lHu9npo0HA7RZsqGzD7eiMA7CdjaO4RUKhVyAY/HM4NwiUTiHOtR7na7alKhp6jKZgb4UALeF+ch5XKZXMDpdKoQlRKNRrWsR7nT6ahJxZ8K9OkxzNIhxJAB+K8TSKlUIhew2+1rs15CoZCW9Si32+0FyA4DPPpkx/23Otx6eRk6/QU8MW9gd3f3xNyLsv60giDIrVZrBnnGIA8cH/HYeh1ucRvZ7zxMn+/gquk0zt49Zlz4rzzPa30+n0yTSBCJQa4ZLsJZeAVn8TXNCozCOkzCbQIMlk6X1+vVut1umSaRIJcenoFX3MG/nyu/TYCjZ9zlcmnYS8s0YOfvncQWfwObvE4t3vTrVjuYhsPh0NhsNnnDtI4rxlN4wd9UlWml/dI3+D+sVqvGYrEcZ8l6Fr/I9t9VT/cHUXogzRNu46kAAAAASUVORK5CYII=",35,18
80,false,7/6/2024,80,80,Food - Dairy,def,"data:image/png;base64,iVBORw0KGgoAAAANSUhEUgAAABAAAAAQCAYAAAAf8/9hAAAABGdBTUEAAK/INwWK6QAAABl0RVh0U29mdHdhcmUAQWRvYmUgSW1hZ2VSZWFkeXHJZTwAAAJcSURBVDjLfVPPaxNBFP5mtzVL0nhIA4mUmBaqB/WSUy459FBs6amIIv0DJBcR9GIOWqSI9JSjesjFi1eDoNBEsdEaEFsRD0EPLYKxNMREyY/NbvbH+GbdTdOWOvB4M7Pvfe9735tlnHOIZd24znHuAsxiEdw0wS0LtmHAdv3o/Dz4q3UEXq8xDK0RbzOcxIcSbXHv+b6Bw2sfwDAdEFvXnWAHSHh3P3IMgDQAoI+ckhGPwxIgZMJbmgY2PQ1b7VFM/z8M+saKpmnLzctX0AmOQZNlGIJ6uw3lVwORN28RpJhjAbbv3qlyVe2EJibGFDrbtg1PYALGJ1nuqLMz1aVDAEwEVSqVpGma+UgkEm1TxV6v5wAIkyQJPp/PsVKptKfr+mI6nf5wQAOimgmHw9FWqwVVVWHRBIQJANFGp9Nx7hOJRJTYZI6ISEEpwURUNoXqbnVhHli320UgEAAxSB1poVwuW7FYTKrX604ShjQYnD/mwbfy0Ks7sGT+g64eXiyYq46IfRqPFzzsB/ut5zhZfY+zV9PwTZ1H70shVnlXvF+cHe06LRCt5uBJu7179IXvbTzFmZlLULbXwZ4swb/zDJPxcZkzfnPEBdig/heF0s7sDzGRGjUo0Slg4db+/O+dgmyzScmd8+rm5uaeoijw+/0HNGCMgYfCUD+/AChJv83wm6xVqwstdplHPZfLXSMmK8lkMhoMBv+9TpdF4+VjnPi2htPj9E9IVbTrJr7XZMvQ+PIAQKxsNpskkAyJmiILCXGppSbZxtyf0q5S/7ogWyxOlX9S1qO5gvngL9401yPDHgg9AAAAAElFTkSuQmCC",47,34
81,true,5/6/2024,81,81,Food - Snacks,abc,"data:image/png;base64,iVBORw0KGgoAAAANSUhEUgAAABAAAAAQCAYAAAAf8/9hAAAABGdBTUEAAK/INwWK6QAAABl0RVh0U29mdHdhcmUAQWRvYmUgSW1hZ2VSZWFkeXHJZTwAAAJ1SURBVDjLpVLdS9NhFH724WbTWcpKiTUxWyJKRTdGURaSUt5URDcW3XYZ9AER1UXhTQT9CREE3URi1EUkaGhq5ZSgDzc1tWmaGzrd5m/v+55zurBy6u468MD54Dzn0yYi+B9xZhvxwWOPheWCiECYARYIrejCvKoTT/qbQuUbCISlZXNFC4QFIIYQrcIQ0rEPsBKR5N/kNQSxgaN3Xd6gHQzo+HOINmCtIUojz3cG1sJXWIkI+ZtC3uyi9tXqfD1/y15Q+hvEEESvIM93CioZxfJCBExctX4HdgCYe3/kbJ4n4ILNBUp9hhgCk4GjcD9Yp2AthEGZxebAyaHRnATC/MjlDUJMCmLMn5kN7O4AlueHoZLRa4HmoVe5rmCb7T1U53D5+rz+E1CxdrDSEK3BlgVX6WnEI09EiNXDxQJ3yihc8aQzDmIIcSJ4fqTUKSTtLu9uCGk4i5ogZCCGAAHEMIrLz9nEaHfm00v4fdW4MxVy3y7gtEPTQQBwCrM7Od2VyboxhBkP5ovcwgqKDZQhbC8JorqsDktWCpejffmWUbNvAdhyfeLEiz2d9xOe+uM1F0HCICYwBDOJKIoLtqF37A0GJrvYMqrEmWsxQlxvGQUSxkQ8As0GhjU0aSxmlrBvx2Ekddre/707voFgvK12MN+7C1YsDEMGpUUBGCaQMH4mJlFSWIbQjx70jHbPKYPGNSOMt9UWQuxLQoyrsTSWlRLFCpZRqPTV2A7sbMTHyXfoCL+eUQYN063yxbmu9X4m80uIK59dGktmx2rv2VM2+yZPZ7hjSjEapltleCVJ5B9GnlbVZdvZqLiFVOCmQ7beQEW2/zeRQcHUmJPKOgAAAABJRU5ErkJggg==",60,91
82,true,7/26/2024,82,82,Home,ghi,"data:image/png;base64,iVBORw0KGgoAAAANSUhEUgAAABAAAAAQCAQAAAC1+jfqAAAABGdBTUEAAK/INwWK6QAAABl0RVh0U29mdHdhcmUAQWRvYmUgSW1hZ2VSZWFkeXHJZTwAAADPSURBVCjPdZFNCsIwEEZHPYdSz1DaHsMzuPM6RRcewSO4caPQ3sBDKCK02p+08DmZtGkKlQ+GhHm8MBmiFQUU2ng0B7khClTdQqdBiX1Ma1qMgbDlxh0XnJHiit2JNq5HgAo3KEx7BFAM/PMI0CDB2KNvh1gjHZBi8OR448GnAkeNDEDvKZDh2Xl4cBcwtcKXkZdYLJBYwCCFPDRpMEjNyKcDPC4RbXuPiWKkNABPOuNhItegz0pGFkD+y3p0s48DDB43dU7+eLWes3gdn5Y/LD9Y6skuWXcAAAAASUVORK5CYII=",67,82
83,true,3/17/2025,83,83,Tools,def,"data:image/png;base64,iVBORw0KGgoAAAANSUhEUgAAABAAAAAQCAYAAAAf8/9hAAAABGdBTUEAAK/INwWK6QAAABl0RVh0U29mdHdhcmUAQWRvYmUgSW1hZ2VSZWFkeXHJZTwAAALBSURBVDjLnZPfT1JhHMa56h9o66KrVqtZrWV60U0Xtf6DtjY3a6u7wi1TWIYusQKhBDIWwiY0S2IKOtCFS5DfsaGSTVZrhCAsROX3DzlgJE/vOY3WqivP9pyzc/Y+n+/7Pt/vYanVaplKpWoDwNqPWEqlskkul9ulUumZfQHo29DQEHdwcNA/MDBwaF8AgUBwgM/nL/B4PDuHwzlIf/P5fCKPx1N3OBx1i8VSNZvNDpPJdOG/AFpOp7Oju7t7SyaThVwul5eYKXKBVs7pwPqMCZOTk1WtVsv7BxAIBOZXVlZ+LC0tVb1eL1KpFEqlErYyRYTnXYi0NjNKWi3QaDR1Evqr34DV1VVJLBZjKvXP8RhjsVjEZrqAGxN1XHsDLOsUiJpvIZuIMOtsNhskEomIAZCXMm3K5/MMoKFcLoeNZB7RjW1EPV3IhAxIBDQMnF4rFAr3SOhXWCScOg3429xQZFmN1BctajtrCExfxXb0A7PLYDCI3t7eNZbRaNyjqQ1DA5DJZGB/N4HPxjZUU29RTciQDZthHW1HeaeESqUCLpcLll6vLyUSCWZbtLFQKCCdTmNx0QffdBfSwSlUvz2CW9yK75kpfHx5GVaDlDlKZ2cnWDqdzkonTxtpAG0eGRmJPxfcptZtfdhNvga1dhNu0TlUYj3IR+bgGL60w7nbkWWz2c9Y4+Pj92dnZ0F3ggbQZJVSUSKV/DkSXCXKRflr2y+FrpOjDCPmksP7tKWf6cLY2NgR0teS3+9HPB5HuVyG/sWdeswtw+6WkqleDrWTI7QwTyrCBrU5A/fjM9uuh6dPMcOgUChGyZiCDBPIUME9fLFOpcPYzdpQTZIMkoY/NI1a6RPiPi3sfScMDID8jYfJYITFYnGN9LfmenK+9l7UTHmEZylSiSKVKCf/JOV40EQRE2XjHadsPceohXtHPT8Bse8J0M1mZB4AAAAASUVORK5CYII=",90,80
84,false,8/12/2024,84,84,Clothing - Swimwear,ghi,"data:image/png;base64,iVBORw0KGgoAAAANSUhEUgAAABAAAAAQCAYAAAAf8/9hAAAABGdBTUEAAK/INwWK6QAAABl0RVh0U29mdHdhcmUAQWRvYmUgSW1hZ2VSZWFkeXHJZTwAAAKqSURBVDjLfVPRS1NhFP/du+suJLFN3VRcrQjZQxor7DECwSh6CHHgMgNB6kF871+IHtxeJTFiENFLVA/hy9yLYLWtLbSRFGbqbJtt624T57Z7O+fbEozqG+c7996d8/v9zjnfJxmGgf+tWCz2qFarjVerVYU8yAs7ODhg/1T6F0AikbBQwpzVavWq6jFUKAm6DhFNOTabFQsLr6H8LTkej1/l5I6Ojp7W1lasf90Gs+u6Ad3QCchAncAqlQqUZDJZqdfrZjIR9Fsm+3w+/6dk5HJ5AtIxdOWa+KZwstN5EoXCT8Fu8M9glYYwfiFOtNksePXyBc72nRfs/J9QwKicfG8uRmESJIn2xiY8W1HT8ODuRcH4PrYMVtt9/UZDAUtlVg60tbVDlmVIZHLT+JkBDL3B2HduQDwbzR7IrIDeCUCGyWQ6YnLT8+LmMWP2+DrmCwFRllBQbY5HkiWYFOWQXXgugXxjcg3G+U8PUS7WhAoBwBs3hEtgxhM2E7TUKtTKNroc7fjyLQ3VaEepvIf9/X2M1yeRKWWRiEcbTWQAuVmnVsjj848PGBrowejEbZTLZZzZ2oIRWsKb5SWMjY1BVVXs7OwgGo0ik8k0AFpaFNyf9CASiSCZNOHS4CBm/AF8XF1Fd3cX+vv7RZLf7xe+t9eNkZFhbGxsQCEZM+Fw6DIDLS4uOt1ut4PnefqUC5F3b+Hz+ejY2lAqlZDNZjE7O4tR3y3UqnuwWCw4che8Xu8zh8MxfGdqSnnyOEgXKQKFGsvHmReXxGOnGExPTyMYDNYPAQKBgF3TtAzL8ng86HE66VgB6XQaa2tronaXy4XOzk4GyW1ubsrhcPj74WWiEnI0iRjdvguhUAh2ux1ms1lMcHd3d4L8drFYfL6ystJCZaupVCpLim7+AjUfrZnK+fliAAAAAElFTkSuQmCC",3,32
85,true,1/17/2025,85,85,Food - Sides,ghi,"data:image/png;base64,iVBORw0KGgoAAAANSUhEUgAAABAAAAAQCAYAAAAf8/9hAAAABGdBTUEAAK/INwWK6QAAABl0RVh0U29mdHdhcmUAQWRvYmUgSW1hZ2VSZWFkeXHJZTwAAADMSURBVDjLY/z//z8DJYCJgUKAYUBE+440IHYh1gAWLGIzgXgPFINBVFTU/1+/fjH8/v2bAUSD8N69exlBcozIYQCyHUgZAzGIdl1R6bGHVBeEAjW5Qr1QDnOFj4/Pf5jNMHzmzBlUFwA1hQIpkMZ7QKxErCtYoJqVoDaGATXcg/JBBnQAsYmdnR2GC27duoUZBuQAeBhERkZi2IKOYbEAop8/f05lF3h7e/8nZDsy/vz5M5VdYGtr+//nz59Y/QvDf/78QcbUcQHFuREAOJ3Rs6CmnfsAAAAASUVORK5CYII=",38,95
86,true,11/27/2024,86,86,Clothing - Bottoms,ghi,"data:image/png;base64,iVBORw0KGgoAAAANSUhEUgAAABAAAAAQCAYAAAAf8/9hAAAABGdBTUEAAK/INwWK6QAAABl0RVh0U29mdHdhcmUAQWRvYmUgSW1hZ2VSZWFkeXHJZTwAAAKdSURBVDjLbZNNTFxVFMd/781jICiCCFoSC5YgGGAQG/E7EhckJFqMe5suNI27Ji7r3qXbLk2rSRuFhU1asESgxvoRm5qQoIAikECMdcIMAzO8++6957h4MyjKSW5OcnPv7/z/554bqCoTFz4eUNXPFQooLymKKqBKmvRwibdYs7t++8oH3QAR6YHzCk/l+juD+3/tolq7BClMUIHibpkDo4hGp6hGCoBXc/0ng9eGTtLZkUNTAqKSVpW0entLI40NES+/+R5HAKg+nBvoYvrubxQKFVQEAKmpUEVFKZYqxCbh31G1QBBlI54c7KLnsVa8B1VBRPFe8SI4UQ5iy2eTC8cBFO+FzfslsmEdcRxjTYKTdN+RIarL0vZAPaJ6DAAQLzhvMcbw1nM9qfxUHarK5flfeOJgkovPrjJZKfxfgfWCtw7nQz5d+BljHc4r3gmOgCE3zzODJZr73+fEIx9x78Pe8dMXV2cOAc4JibUkAhrWE9TVQahIIPTG84z1rNLcN0Z5c5rWR/vIdJqp6Qvd79aaiHUeFzuM9TgvWC/VrHSGv9KSex1fWaKh7XFiv0XH6HCjKxcu/aPAC9ZYjPWpHa8kVcifrhVb2CDM5AnCMtmH8hBX2P/DZI5YsEkKcKIkTmhz64w/+CVNTYq4bUIpQtiE2oTlayvx0krpfFQbmMR5nHEYK1gR+twPjETf8PQrY2hyi8DvsXjzgKRQJBDL1kbp7bNX16cOe+C94hOfWhDhheafGB49Q5K/RBQ1sziXMLv3Bl9vRuTX7mzdu/3t1JFnJAwZeX4IDQK8V7JkCTLbZOrbWby1z1flCXbaX8Ss3aVYcXP/nYPZmRvfv5P+vOr8n7CY/B1KO4ZPlvtZtQHKd6Bc//3HL87VAH8DX5rXmGdCnY8AAAAASUVORK5CYII=",39,56
87,false,8/6/2024,87,87,Food - Breakfast,def,"data:image/png;base64,iVBORw0KGgoAAAANSUhEUgAAABAAAAAQCAYAAAAf8/9hAAAABGdBTUEAAK/INwWK6QAAABl0RVh0U29mdHdhcmUAQWRvYmUgSW1hZ2VSZWFkeXHJZTwAAAKESURBVBgZpcFPaNZ1HMDx9+/Z79l8xubWhDVmppuynpJFS4nQ6UVDlCFh0EkQKaJ5t/KmJ0O6deiQHTrlQcjlaVGK+I/SyZwH10gtxT252WrP9jzff5/v5yveRJ5OvV5ZSon/I6eBz76bT1EVLxCj4kVxonx7aE3Gc3IacF4ZLrciqmgCiYmx61UayWnABMVHZX5RCDHRUWpi2SiN5DRQM4IXxQZFYsLlBZaM0EiejhxOPKVKCkIKQr3vU5xP2JAIoqwoRqo2cm9s03u+NnC6qW2Q2uMLZPbhgZynduwEVbIYyWJk6abiJGFcJEQoFRNvd52jtPKd01392+joG+Lfe68w/ePJE3kKQiYCNyZAArz+BsvGY4NS94rERG/reT4cmaPzha0s3LlNc+ZpX9lD26qXO/LkPJkIOAtBIAiLLuGCYpyyruVX9pan6ezfhaucork148/JaarO8U1TdUVBrQMRsA6sBe9ZrinWJ14qXGV08wSd6/dgZ78mK/5Dsa2dPFSolLdTMYZcjYUg4Bx4DyKICXQujrN/0206NryLffgVhaLgq33MXrzGeM8gq0rtmJol17oF78EYCAFCYCi/yO619+neOIL/6yRNzQm7uJZHl67z/eoh/qZAW3DYmqWQ6gZEwDqwjpm5CU7smyXSS+XWlyiW2sJqfhu/xdTgPuYVjDN48Zi6o6B1AyHAlq0wvI2p/A6vDX9Ey4NLzIxdZnJ8gV/OTjD6w36WiiXK3QNs7CkTxOOMIzu683jSICQnpBBpGTrDJx98DIXI5E9nmPn9AV9MH+OPhV66yz8jQYkSiaJoVLKUEs96f3uXebP/xfytV/tIRXfFzM0fHPl86i7/4QmxWH8VvTzD6wAAAABJRU5ErkJggg==",31,25
88,false,12/27/2024,88,88,Food - Snacks,def,"data:image/png;base64,iVBORw0KGgoAAAANSUhEUgAAABAAAAAQCAYAAAAf8/9hAAAABGdBTUEAAK/INwWK6QAAABl0RVh0U29mdHdhcmUAQWRvYmUgSW1hZ2VSZWFkeXHJZTwAAAKbSURBVDjLpZNLbIxRGIaf/9Lfpa1rZ0hNtYpEVRBiNkUiEZFoKjSxQmLBglizIQiJILEgWHQlgkpLGg1BU6E3imorLkElLmOmM1XV6mXm/8/5LH5GI7EQJ/lyztm85/ne872GiPA/ywa40NC3X4TtSnRIa43S4GmNUhqlBU/pUaVQnqC0fnRk89ywDaBFdpeHs3P+5eUDlW8XpgmU1jkAmdU7QQSUB1qB6/rnVBLcFCRdcF0G99bjumrMKIFfPgjkBkB7fon3UyQJbhK8FLyIAuB66rcHSumfAgZ8ToBon0Rrn0T5+6AzyKd5eVi3j7HDuUfnmchWRITTN6PyfdiViw3dIiJS2RgTEZErzf69qiUmg59rJFq/R/o6a0UGIvK1s0paTqyN2QCu0mgRbAuqW+JYlsnVB3FsC2pa4yQSuxjKLmbK3BJ6u17iGCmyJ0wna+rMiekWBLAtgw3hADWtCdaHg9Q+jrO64BVDmUVMKlxDMnoZZ7zB+/ZX9A+ZGMmeRWkC0WCbUPskQWvPcR7eEEI6xvDYPCbNKWMkcg7T8cjIysfxPnC+dwun95a/Nn1HNSJChgWlSwMAFNtDbJw+g4lzyhiJnMXMcEn1F9B9vwNZto/vTggAE/ypA7BMg7qOHnL6PrBYxhEsXkcqVoHlCMn+fLob2mDVSQIFC9M/ZwN4nud7YMKMgTpyJ8/GkyDRZ6eYHHQY6c2jp/Ul5qqTBHLz0VqwTH4TuMpvYcHMLDoaK5i/fAdjPjbyuqaJ9lu9PL/zFKPkEMFQoU9qGWgtetQgSdPBS28Wp5TOzO1KkHpey6xFK/iW+EJX2xvuhg7z5do34GE6C30DI9cBjD/jvGnllOElhdPscNEsJCPZPBxPbCs92vnub6H6AWmNdrgLt0FkAAAAAElFTkSuQmCC",22,52
89,false,2/15/2025,89,89,Food - Beverages,abc,"data:image/png;base64,iVBORw0KGgoAAAANSUhEUgAAABAAAAAQCAYAAAAf8/9hAAAABGdBTUEAAK/INwWK6QAAABl0RVh0U29mdHdhcmUAQWRvYmUgSW1hZ2VSZWFkeXHJZTwAAAHfSURBVDjLY/j//z8DJZhohU926XPeXuX/6tTkgL8nJvj9vzRX//69JaaSRBtwc0XA/xtLs/5/f3jy/4/Hp/+fmur0/1CT4Tpibf//5cry/z8eHv3/8/EZMP5+e+//kxP8/xKl+cfbw/9/PFrx/+66nP9fzi8FY5ABpycHfydK858vm/9/vZnx//P5/P8X5kb+v7u6+P/Jif7/8QYiiuY7Cf+/XHP5/+td3/9nW2L/3+y3/o83FojVjNWA/RPUidaMYcDOTrX/n57tw6p56USv/3lTIj6l9fn/j2xx+ORZoVcDN2BGsoICSPPD0xv+n1iZjqF5Qb/b/8bVif+3XJn6/8KzXf/7d2f9D+/X/W+eLdkDNmByrtz/Tw9P/P/1/OL/rbUm/w/PNPx/50ju//NzvP4fbzb5H9vu8n3j5Qn/N16bBPLC/549qf/796SDDPgON+AnMHW9WZX4/8UMh/+H0kX/r0oQ+7+lTAfsZ59qw//brsz5jww2XZoKMgDi90gnof9X5sT+/3p+2f8351f+P9jtAdcMwpY50t+7dyX9b9+VANbcvjMB1QURDsL/45xE/8/JVAVr3NVtvRY5cIEKW4J7NP737koB2wyiQXx4GBCDgYo7gPgTyNlQugMkDgAAPd9LkvTMtAAAAABJRU5ErkJggg==",50,50
90,false,9/7/2024,90,90,Food - Condiments,ghi,"data:image/png;base64,iVBORw0KGgoAAAANSUhEUgAAABAAAAAQCAYAAAAf8/9hAAAABGdBTUEAAK/INwWK6QAAABl0RVh0U29mdHdhcmUAQWRvYmUgSW1hZ2VSZWFkeXHJZTwAAALXSURBVDjLY/j//z8DJRhMmJQd+x89/W4IRQbY1x5L8590dzmy5PuIqC4gfvA+PPIyEMfhNqD06H+L9gfG9p33/jr23OMEiX30DTj8yT/oFxCf+hAYfBeIfwPxIyBWwjSg5Mh/tYZHzDr1D34aND7Y9tXOsf2Lg/O/z85uNjCFn908lT56eH985xXwzXvygwYUA4yLD/9Xcm+QlS572JWesP7XVyOL79/MLKci22Rc/6DXvPH+X8um+79t2u7/tOu4/w9ugFHxof8wha+1LP89NHT9iay5aNKKo9vXVvyzrz27/LuRqeo3Y7P/y6I7piMMKDoANuC3mNTSn5Iyv239dn3nSnwwiTfpIbN85tU9e9fk/Xt7e/X/29vCekDqfmrpHviurfcBboBB4b7/1QYB+n95Bf/94RNqY4h40MIQ/uA/U/iDv3ltc/69vr7k/+8vd/5fXx/4/tpaf1OwIYoqvxAG5O/9/5+R1f8/E9sdZKc75m7uvbgu4MeP11v+/3jW9//d3a3/Ly/z3HRpsTvrb3HpDXAD9PN2///JwBLym4FFHKbZb5aV99Ilbt/f3Fzz/8fjpv+HOoz//3q75v/5ec7/zs12DAa6VgpugF7uzv9zRDUc4DZ3GE3LmWT59f7e6v8/Xy36/+1O4v9D7Yb/vz8s///h3rb/p6ZYXTs50YIXboBu9vb/liU6khal2jPNS3Uf2ZTpvD04y/Hhe2DAfX9Q8v/rrQgIvh0L9MqE/w8PTvp/tMuoDmFA1rb/Rhma/oYZ6m7qAZaux6bbFTw81Pf/54vpYNu/3o4GesEITH+7l/X/2/ON/w8267462KitBTZAO3PLf+2Mzf+1MjYB8cb/O3pc/397c/f/z3d7//94BQyDV6uR8Nr/vz9f+f/kxJL/+6rVVmPNYUDnvTnSbvDtcKv+t0PNut+ANn07UK/5bX+txjegpm97K1W/7S1X/ranTOkwAORfnQagLb+TAAAAAElFTkSuQmCC",100,10
91,true,3/12/2025,91,91,Home,ghi,"data:image/png;base64,iVBORw0KGgoAAAANSUhEUgAAABAAAAAQCAYAAAAf8/9hAAAABGdBTUEAAK/INwWK6QAAABl0RVh0U29mdHdhcmUAQWRvYmUgSW1hZ2VSZWFkeXHJZTwAAAIhSURBVDjLjZPfS1NxGMbPjX9Bl/0PXqQzIYIEWWIpRFFBQwyNQqhG4VY0dUK0gXQh+KMhu2nKIAkpAu0wkBA0f0QRtoLuFgSbOmSbZ+estsf3+e6ssE7hxXNz4PM+7/d9nqMB0A6jr3Var2hJlBFZorKochhwUpQmkO65iC3/DWwP3sJO0Av59l/QI0qlmuux5buO7EMvcuM+5AInsRdqxo/5ART92j/hqMhIX7uMbOgudu+7YYRdsMaPozRZ1c/EIKwHmiM8KyptD9xEbsyHQvAYSjZozZyC+boDxbeXYKUmkF9vcHQu7QzdRn7KD/OxqwrGW1B8cx7GZheML1eVrO8R5N+5/nqzQWfC1miTgs1X7TA+eBT0bdOD5yudCCRaMPF+CEej2oEBKb6Za9ecTb0TRrIbewLPLnegd/4E2l824vSLBoQ3AjgypR2IqpJ9dAeF4cbfzgJnPnVhZLEVZ23wSsyHvkgcMf0jzvTP/RqQZlSF6D11ML6Za9OZcJuA555dQN+TOKb1JGb0z3i6kKwOsBtWZs6Miu7qYPbadCYcjCUUGJ5eQ09IJ2yKVjlgiQ1jSZgzo+K1eTC+mWvTmbB3dLEGumu344AM68mGqbdLznTntXkwvplr05nwn73hAIvdZj3V+lISDmBUyj1SdbfXdjsNKPPHYLdVPaVhLAlzZlS8tn0w06n2HFDhX8Ufg91mPdkwloQ589K2Vp0G7AOR2a7+EgKeFAAAAABJRU5ErkJggg==",85,60
92,false,7/22/2024,92,92,Pets,ghi,"data:image/png;base64,iVBORw0KGgoAAAANSUhEUgAAABAAAAAQCAYAAAAf8/9hAAAABGdBTUEAAK/INwWK6QAAABl0RVh0U29mdHdhcmUAQWRvYmUgSW1hZ2VSZWFkeXHJZTwAAAIwSURBVDjLpZLNS1RhFIef897rNDSoUEFFIhpCi1okzKKyRSFBFC3aCFERRQTSItrUHxBFbQoEkYJaBdoQ7kqQwm1BREjmF2JWFuKgNTozzr3zntNiRmthC+nAb3fOc37nQ8yM/wk5ff3Z1cNH0vcWCpYyA1QxVbx6TA01xbxHzTDv8arUJeL86Ojszf77Hd1hui3dVZNMue3JDTVO5Qu+C+gOC7G5wsLyhq0XY3MAoXnj9tmWDQMu352hAjAFICp7DDA1vIJiqBpeFV+2ikyJvNG8oxavvgKgegVxgphhTjAxRAXnBBGHiEecJ/rwiLA4RW6xHS1vBsCtkhwgIogTAie4QBAHgYOaIKA8liGV/MLOtguszL2k0UYqdabVPxBZAzmpdA8CIRAoTvQTrAxRvydNfmaAILmLc81vGLi2+0yoVQdUHQBghgNMBA2FcvY9W1tP4gsjJLc1sOK/0Xh0H1Kc7wnLcbzmQAAzQ0Swv0BBqoF48TMuyCIuT6IuCysFln+UgtB85QoBVIpEWF1slP1EbvghkojRchGnP8HVYnHEx74pxscXroSq+meEqhBhafIFudHnbGk9iEWDiF9ibDCiplQiEOHp/Am6em/1hrPTM5nOB3GHeo96xXuPqtLZ1Mf+9mNE2R7CsJ7h1yV6xw4wl9iLGUSJTZnqvmxdfe0//rY0d8fy46fsXdehpccXW86vlxf+61W/T2df5X4NNRUW8sWJifkbl55MZtbL+w0EmEFfv0ZNiwAAAABJRU5ErkJggg==",17,94
93,false,6/26/2024,93,93,Food - Prepared Foods,def,"data:image/png;base64,iVBORw0KGgoAAAANSUhEUgAAABAAAAAQCAYAAAAf8/9hAAAABGdBTUEAAK/INwWK6QAAABl0RVh0U29mdHdhcmUAQWRvYmUgSW1hZ2VSZWFkeXHJZTwAAAIsSURBVDjLpZNNSFRRGIafc2fGP3Iaw58SSVyYJRHGCJUVtGldJLZoUS3atIqkdYStwkWLWhjiJghCpIWRLSKMQENFC/uhhsixn0HLTFPn3uvc+30tprlOIVH0wuEsDuf53vc73zGqyv8oDHD6+tPzQC1wAIiDKopBFMsyWAZEBPFZiIT1bUNNtBlRLrRuN6gqp65NdOs/6krvK1XVrAPgIEDP0Hxg7U/BzuzfxOv3C24QAdHNucP6ykIAjFn/8ptZFwDbyRQEAFUtyVVNfHb/qnnq+2YNIBrOWVtPK19GWZweoGpXO6GCaNa0L+QDDEDbpYc4IojCvcuHmUotgjjou9vEqltITvZiVbdRV70RFR8AKwvI0ubsDHt2VDFve0H1yMIg0co40S278WYeIctT2QjeL4Bsz5ccn4wqaTcLUDvFyvQApeUx/O/9VDaeYDXZh4qHiLcGMD8duG4GO+PjOxlQJfOhn/L6I+BMMHrzFhtiNu6nERanh1FvNc9B3qvnJnt5ZoJCWaK0LI24U6CCvzxG3aF2Pj65QcSk1wDiSUC4P5QkbITUWA+xrU1IehIVm3hrA7KaoqgoQbRmL83FYxoAfJEkwPOuo7zoPsaDcyGKyuopKZ1Dva9gQozfSQCCOAkqttXSFBnRxx07G42qcvzi4FVV3aaq+xApO1vRScvJLkJWEvW+/TbYFqHiBmZfPiNxt6PPrPedhzvjc+pLiYqiInlLgx0RVHX8BxTzXjKQ0/OBAAAAAElFTkSuQmCC",8,85
94,false,10/9/2024,94,94,Home,def,"data:image/png;base64,iVBORw0KGgoAAAANSUhEUgAAABAAAAAQCAYAAAAf8/9hAAAABGdBTUEAAK/INwWK6QAAABl0RVh0U29mdHdhcmUAQWRvYmUgSW1hZ2VSZWFkeXHJZTwAAAIMSURBVDjLpVNLaxNRFP6STmaKdFqrgYKWlGLSgoiKCwsKVnFRtBsVUSTNyj/gxv4Bl678AyKCoCulgmtd+W7romgzKT4QMW1G+5hMpnPnnuuZm6ZNawoVBw7n3pn5vvP4zkkopfA/j9F8cafO3FekCjGpIgKIvayftTXOkr71jkz2/UXA4HxXfz72gIx/lBsWSfiVtwiWHK8B3kRQeX/6lmnnkuDAwn0MJSKQEFChQCp9CcHixxgsGWw3B01uRKfx9t1HIP1POpoSdUulLyD0vqO26IAkDW7tgSZYeHPqcmpXxkTChKzOaAKSEdo6jnEWVY5ehFxdHs2cn55rScDR73H6DKyyRWs1R0haGdR+z8YZ3MyMTj9rpUKi/PLkUJuZfmX3nkNYmQBxzYprpyCA2XMRrvNAcdfDhgKkm6ttKTdW6jH4w4RpD/ALAaNzhH2kSwALoSJCd9+VhIqEVVeD4C1MclaOT0Ke0Cowq+X9eLHapLH23f1XreDzI27LfqT2HIfvzsRAyLB2N1coXV8vodUkfn16+HnnvrPDhrmXsxBY+fmOwcVlJh/IFebK207iuqSShg0rjer8B9TcWY7q38nmnRstm7g1gy9PDk2129mjinjy3OIvJjvI4PJ2u7CJgMEdUMmVuA9ShLez14rj/7RMDHzNAzTP/gCDvR2to968NSs9HBxqvu/E/gBCSoxk53STJQAAAABJRU5ErkJggg==",13,12
95,true,11/25/2024,95,95,Clothing - Footwear,def,"data:image/png;base64,iVBORw0KGgoAAAANSUhEUgAAABAAAAAQCAYAAAAf8/9hAAAABGdBTUEAAK/INwWK6QAAABl0RVh0U29mdHdhcmUAQWRvYmUgSW1hZ2VSZWFkeXHJZTwAAAHqSURBVDjL3VJBaJJhGDZ+F7Sduo0gYoeEDkJ6iV00t/Yf1H+il99TMPrFUjuY1XQKpeAOggMV9DQPnUTQTg0Xc6B5GSM7WXj4N6QIKdKgNd0yn753B1m3H7r1wQMvz/s8z/fA96kAqP4Fqv8owGAwzHg8nifxeLyXz+cRiUQ6Pp/vFsMsm2XiaEca0v4VoNfrL1qt1kQqlUK324Usy6jVaohGowfhcLjebreHxDUaDZCGtOSZBOh0uuVAIPC91Wr1nE7nlsViGblcLqTTaYRCIdBMHO0KhUKHtOQ53yARi8UGmUzGbbPZpo1G449qtYpms4l6vY5SqQTiaEca0pJnEqDVah+43e5+Npt97HA4tk0m0ynP87Db7WegmTjakYa05JkE3GBHEIQPyWSyXywWv5XLZeRyOfj9fgSDwbO5su7Brnjt987CFF7y06cvTJc2JgEajYZjFW+azeZDSZKOvF7vgOFEFMW7DIvZFX74LjCPwaskxu8r+Fl4hH2vdvR6Uf1Q0Vtv3+HkY2ZGWgBWLwPrc/iauA3GHygK2FlQj8dvyzh/+s9mQbyyBkvcx6PNewAzDZ+q0GPo3OfA+E+KAt6IV57vSdd/fV6dw5fQFGTpAqqCelRZ4tYU//mGeDXIbjyk2tSIzMT/ASTzlHJFEjXFAAAAAElFTkSuQmCC",26,3
96,true,9/26/2024,96,96,Food - Prepared Foods,def,"data:image/png;base64,iVBORw0KGgoAAAANSUhEUgAAABAAAAAQCAYAAAAf8/9hAAAABGdBTUEAAK/INwWK6QAAABl0RVh0U29mdHdhcmUAQWRvYmUgSW1hZ2VSZWFkeXHJZTwAAALASURBVDjLjZNJTFNRGIW7ZOFON2xMiBtDHOJKgom6dYgsWKCJTRgUIkSCYYOiiURiq1ZKsEUmAYMUEgm0MrWFIHagiEALhYJCKW2lpZOU9nUejve9CIJTvMn3huSe7/15N4e11HYnhVBK6CcYCRQhMdd4C5O11zH2+Eqiv/Ic1V120thamNYvZB8q5eccSAHAomGRzar1YQ5sE0I4ta/g1r+Ga64dm1PN2FDUwyLnwyjhYKHjLlS1eeitOAsiUO0KDB335nYEjplmQgvsmkZ8/SDEurQGRvETLHVVQdtcDgWPzQhq2alzuwL1vDl9Rj2O1eEmLIoeYEpYgDFOFsjYIGOjregIGgoOo6nkGLoeZaNJwIWgczh9V0Bfxlai0hlrBG5/DKFoEuFYEp5AHIu2EKbNQZjcERhdEQzMuiAYMkl3wrsCGpkh2CczBJLrZDMVTsDmjWHJHsYaCaq/+PBSZkm+GDT17g3vE9CItdsZEq3X+NHoh+VblAkP6Tyol5lX6gbXMn4N/ybYQTThVM6aKUyb/BBKzYo/7fmnoHvCodFZKcwQQd3AmvK/BSK1I1P8yWmet/jhoeKwb8cwOO0At2d5tbyhrLFUcNVXWJOFa9XnfRcqTtzfJ+hQbop7Jh3JNWeIOYlIPAlfKAGLJwp+Xyuq3uZhYEEInU0O/kgxcvjHcboklceE2xV22Yjegw1vFIFIAlESjieSoMiz1hpE3tOLkOhrITHUgV680ZvgjxbRghCra0Sf3qm0YdywBacvxoRJlhF4g3F83gzjcuUpDC20YO96Ny+kBWC6sCBrgEqjhmbZDasriO0AOUK7H6L3Jjx8o8OZ22l4Js8HR57LhDmy3J8T7C3T37pQzb2EbN5RPJffYL5M3+l35h/srTOpsJFUmPpRYaYLpMIJUmGKnX9wK7M4NUaPTfARuPT/+w5sF/jkpVJK3QAAAABJRU5ErkJggg==",37,35
97,true,4/2/2025,97,97,Food - Prepared Foods,abc,"data:image/png;base64,iVBORw0KGgoAAAANSUhEUgAAABAAAAAQCAYAAAAf8/9hAAAABGdBTUEAAK/INwWK6QAAABl0RVh0U29mdHdhcmUAQWRvYmUgSW1hZ2VSZWFkeXHJZTwAAAKRSURBVDjLhZHfT1JhHMb9F7ptXXXR2lw/Llp3blnNZauLtmwtp15oWsu6oJZ5bKyFQiGIEIRIKoEsJtikWM1JmiQhtpieo3ISUoEINiJNE2SgT5x3ZiVZ3+15v3t/PJ89+755APJ4PJ64s7MzZDKZYDabYbFY0NvbSzq35867u7uh1WpjfD5fwXl+iixqtXoi2xfw/0ppNJrPOQC9Xp/O9vXTvCf4l7jKJkUOgIvH1bmGPlQ1D6Na+gY1Micut77FFcUoapVj5I4rnU6XCzAYDJuAmqz50hbzNdUvQJfu8d8BmUwGMzMz8Hq9oGkaHo8HbrcbTqcTDocDQ0ND+B62gzWeh8/ahPGOIkyo8ssJYCMWmXxLSwtYloXRaIRYLCag6I3rmKUKERmswyJtA5bDWKAtcElORAmgo4MMBqFQCIFAAH6/Hz6fj6RhGAasuw3xqTtIhZ4h8roZCeYpMvMjYLqqkwSgaW8nAKvVCrlcjmAwSNLIZDLM0ibEJ29jLTGCxMdaxMeuwmuoBK0t+zKmOLOHAFQqFQFEo1FEIhGEw2GSZp4x4ytTj7WkCyv+CiSDpViapjCnORJ9Lz1+cHOIcrmCAGw2G5RKJYHY9HxE3tVtmMuRDFzAt8kGsKoifJAcPvTHLzRLJAQQi8WI2FEjpvtvZmM7kJyrxGqwDIvZJH7NSTyUCnK/USgUpocdjnW73Y6+R3xMvaAw8bIVn9wlWJkrRXz8FrzqUxgZ6FsXikSJHABFUYxA0LgiFIrQc/8YsDQPtv0sBqmdcLYVY0BQgAfCetwVNK5m37pyAL9LcDE/nXIpkXLL4W4qRE/VruX++v0Htr7bFlBSsCMpqtibfnWvOG2XHh1+Xrdv93ZmTj8Aff0H4WdEl0kAAAAASUVORK5CYII=",9,31
98,true,8/18/2024,98,98,Food - Condiments,ghi,"data:image/png;base64,iVBORw0KGgoAAAANSUhEUgAAABAAAAAQCAYAAAAf8/9hAAAABGdBTUEAAK/INwWK6QAAABl0RVh0U29mdHdhcmUAQWRvYmUgSW1hZ2VSZWFkeXHJZTwAAALnSURBVDjLpZNbSNNxFMcN9b3opZce7CHqIagegqAgLB+NyMIMFCRBSX3wPm+Z1ZZZlhpT03ReZs7ZvKDpps7LmKa2uTbTnO7inM3L5vxvc3P+1X37zYeVGBF04Mvvxzmcz+/8Duf4AfD7Hx1yDPIKg0dbHonlnYz1r8JsWt6VRUubk1ZE1Unt7e+yLv8VIOGzylS9jG2jegxry1rYbFZQlAVLCyqopDwI38duNr9JyP0jYIjHLNHIymE1G6A2WPFxQI8ywTRK+d/Q0KPB5NwK9OpRdFfFgcOMSTsAEDUUXJF1ptKWVT0kChNaB/XQGG2w2Bww2zahXrShoVeDtmEdZhU94D6956xiPbzgA/TXZXTPk8D3hXXwxTp4zUpRmPuxjC1y98rhASq6NJAqDejjpqAiJ6LBBxioT1w2GabAFc1jhrzs3PHA4XSCXcPBKgHZ3W4IRAOQzFF42aTE1EQzqrLD9D6AuC5hy2pZQmGjEqsuGlb3HrZJIPNxPritHcjIy0fv6DimKBrJ7HEs6sdRk33H5QMIK2O3LGta5HMUWHTQBLIHI2XHs1dF+8kShQrmHUBmoZFY/BkG7TCqM8N+AQSvo3TaqR4U85UYnqdgIp822ml0D41At27Dyi6gamFjIPIM+oMD0R92HE2RZykfoJYZxRlqZmBUOYcCvhpm0jArDdj3iMh9vq0MqvSr2PpUBM+MEE5eMr7En/P0Xg9I3AdUP48/X/8k3DUrq0djjxwv+LNQ6DfgIP1wOGn0R5yCiySjNBTIOAawgmAuvAbRDX+db5Aq86MZHwruYmasDIMTMrA4Y0gvHUFKsXS/bI+8Fb/bRt4J4g/wHBhldk5kbiXjlqOj/D4mxUzoZrjQTdei7/ZRbFY/AEiSO90PViJDnD9EIf5Lh5aJnRt9qSQtrOlt8k1DeWqoyytBzEVqLOa0x5QRhLXMQGhjjkAcGrArDPHP+ue1lYafZJAX9d6yyWn0Jnv9PwH2GPv45gRecwAAAABJRU5ErkJggg==",45,29
99,true,10/24/2024,99,99,Gaming,def,"data:image/png;base64,iVBORw0KGgoAAAANSUhEUgAAABAAAAAQCAYAAAAf8/9hAAAABGdBTUEAAK/INwWK6QAAABl0RVh0U29mdHdhcmUAQWRvYmUgSW1hZ2VSZWFkeXHJZTwAAAImSURBVDjLnZNNiI1hFMd/73vvzSXjKwzmRopJyFcaYmczPko+8pE0SpYsrLAglnbKAvlYSNkYjYhmSrIRRRQbKblc07Cii3Hf82Xx3jsxG/Kvp9NTz/mdc/6nJ4kI/kfdl9ftENUL6b887rm9s7K7d+va35I3i+r1jvaZk5O/ddBze+e8LJNFWZbdzES7RaQsqn0zpk0vVGu1+l87yDKZnGVZb2VaRyoiA6J6a05HpVCt1erAiuTOwOYA8AjcHHPHzVA3LFNMhHea8rI8hYltbXz78YOhwY+s1++0qVPc9PU9zN/zZ1n3P485j7584mT1FQUPrs3tolIswcPrFEeS6oPgTpiBGagSpiBKqLBKlUvjJoAa7UOvYfoCGI4WICACVh4jKbURL84TZqRLD4AOY/cOk244w+xSGX1wmvjwHESaAFVQg3AoTSAenyJZfYLEGvjTc2BO2nUQ5Dty6xCFJbvR6rMRQIpIDvCAtAjj54Ar8bVGuuYo6fL9+Jt+kqmdFLdfxN8/Ac9HpBGkDP/M53UHIFm8j3jbD1kd691DEKQLtyFXNuKv+ih2n8qNVWsCGprT3MEFf3aWpHMLfPtMYdtVkvIk7OUNSj19FJbtQu8ebwIUBJI4PStYtpfgS+66KiEKKoRIftdWVDAjzBgztgJ99ykyHCBCYmWS1grNwByiaW7qUDBIAoqeb6ypJI7MCCQgC2gAFpCNigoYudGjlPzvd27pFy1NYQEtEp0PAAAAAElFTkSuQmCC",36,24
100,true,7/4/2024,100,100,Beauty,abc,"data:image/png;base64,iVBORw0KGgoAAAANSUhEUgAAABAAAAAQCAYAAAAf8/9hAAAABGdBTUEAAK/INwWK6QAAABl0RVh0U29mdHdhcmUAQWRvYmUgSW1hZ2VSZWFkeXHJZTwAAAIESURBVDjLlVJtaxpBEH7uvNSL50skFBqCiDVYpCWiIAjtx4Ih4I/zs78jkD9QioVAUBGNWigqRfpBxSO+3LnbmY13mNQWOvAwuzszz7zsQEoJBomWzWY/V6vVb5lM5oruBr/tYBQKhU+1Wu0r+/CbF6cOA02Tv9jr5gbn+TyGd3cQlQpe40nYFry9xZvLS/y8v8fm+lrZ0lJqukbCTlYwCCsWw3a7RTgex3EggLiuK5jkYkYiynYcjcLcEXOsvjvDNAx0BgPl1O31IIjEPjmBHQ5ja5rodLvK1nl48Ang9dgHRIyyN87O0LNtXFD2FLWmU4B0HKxdF99JDwhvhUCB9CPZLwDd2K/gw+kp3lsW5GYDl5wEg8heEdG7oyNkSGuE4GKBRyL1q6jX69J13b/CcRy5XC4VWPiNYzjWwAFZr9dot9tIp9Po9/uq9/l8jnK57H25L/ohAg4ejUaI0ORzuRxSqRRCoRAosw+P6BmB95inXfAWhdFqtVQ1Dg+UqqNW/Jg/WnhZ4mw2g6DJc/BkMlFnhud3cAb7ZNwOrbaaQzKZ5OXBcDiEQb/GA9XljoqU2A+u0CqzqVgswqKv5awcPB6PfSJ/Bgv6V5uEjoIN+wjQHrDmCjhzIpHAarVSLfktdGlNyTHKZf1LvAqYrNlsolQqPRFMp9MvjUbjI/5D6Dd+sP4NLTpNB1cxufkAAAAASUVORK5CYII=",53,64
